flow_run_id,rtl_name,arch_params,node,corner,vdd_V,temperature_C,clock_period_ns,clock_freq_mhz,config,dc_version,syn_total_cells,syn_comb_cells,syn_seq_cells,syn_total_area_um2,syn_comb_area_um2,syn_seq_area_um2,syn_scr,syn_sar,syn_crit_path_ns,syn_wns_ns,syn_tns_ns,syn_violating_paths,icc2_version,pnr_total_cells,pnr_comb_cells,pnr_seq_cells,pnr_total_area_um2,pnr_comb_area_um2,pnr_seq_area_um2,pnr_core_area_um2,pnr_utilization,pnr_scr,pnr_sar,pnr_crit_path_ns,pnr_crit_group,pnr_min_period_ns,pnr_wns_ns,pnr_tns_ns,pnr_violating_paths,starrc_version,pt_version,internal_power_mW,switching_power_mW,leak_power_mW,total_power_mW,dyn_power_mW,dyn_energy_pJ,clock_network_internal_power_mW,clock_network_switching_power_mW,clock_network_leak_power_mW,clock_network_total_power_mW,register_internal_power_mW,register_switching_power_mW,register_leak_power_mW,register_total_power_mW,combinational_internal_power_mW,combinational_switching_power_mW,combinational_leak_power_mW,combinational_total_power_mW,sequential_internal_power_mW,sequential_switching_power_mW,sequential_leak_power_mW,sequential_total_power_mW,memory_internal_power_mW,memory_switching_power_mW,memory_leak_power_mW,memory_total_power_mW,io_pad_internal_power_mW,io_pad_switching_power_mW,io_pad_leak_power_mW,io_pad_total_power_mW,black_box_internal_power_mW,black_box_switching_power_mW,black_box_leak_power_mW,black_box_total_power_mW,power_activity_mode,stim_mode,collector_schema,collected_at
nvdla_sdp_dp_nv_small_5nm_TT_0V7_25C_800MHz,nvdla_sdp_dp,config=nv_small,5nm,TT,0.7,25.0,1.25,800.0,nv_small,V-2023.12-SP4,17940,15501,2439,1085.489991,646.035592,439.454399,0.1359531772575251,0.40484426631622444,1.03,0.0,0.0,0,V-2023.12-SP4,16650,14211,2439,1075.07,601.31,473.76,1546.9272,0.695,0.1464864864864865,0.4406782814142335,1.08,clk,1.34,-0.09,-10.96,325,V-2023.12-SP3,V-2023.12-SP4,7.2490000000000006,3.9029999999999996,0.007985,11.2,11.152000000000001,13.940000000000001,4.542,1.212,0.0001037,5.755,1.1280000000000001,0.3457,0.003753,1.478,1.578,2.3449999999999998,0.004129,3.927,0.0,0.0,0.0,0.0,0.0,0.0,0.0,0.0,0.0,0.0,0.0,0.0,0.0,0.0,0.0,0.0,unvectored,none,3,2026-10-05T09:11:08+00:00
nvdla_sdp_dp_nv_small_10nm_TT_0V8_25C_800MHz,nvdla_sdp_dp,config=nv_small,10nm,TT,0.8,25.0,1.25,800.0,nv_small,V-2023.12-SP4,18264,15825,2439,3875.819611,2360.156183,1515.663429,0.13354139290407357,0.39105623613090285,1.03,0.0,0.0,0,V-2023.12-SP4,17418,14979,2439,3870.75,2355.09,1515.66,5513.9328,0.702,0.14002755769893213,0.39156752567331915,1.12,clk,1.32,-0.07,-11.38,348,V-2023.12-SP3,V-2023.12-SP4,11.4,5.2700000000000005,0.01048,16.7,16.67,20.837500000000002,7.889,1.9120000000000001,0.0006862,9.801,1.261,0.4211,0.00376,1.686,2.2790000000000004,2.937,0.00603,5.222,0.0,0.0,0.0,0.0,0.0,0.0,0.0,0.0,0.0,0.0,0.0,0.0,0.0,0.0,0.0,0.0,unvectored,none,3,2026-10-05T09:11:11+00:00
nvdla_sdp_dp_nv_small_5nm_TT_0V7_25C_800MHz,nvdla_sdp_dp,config=nv_small,5nm,TT,0.7,25.0,1.25,800.0,nv_small,V-2023.12-SP4,17940,15501,2439,1085.489991,646.035592,439.454399,0.1359531772575251,0.40484426631622444,1.03,0.0,0.0,0,V-2023.12-SP4,16650,14211,2439,1075.07,601.31,473.76,1546.9272,0.695,0.1464864864864865,0.4406782814142335,1.08,clk,1.34,-0.09,-10.96,325,V-2023.12-SP3,V-2023.12-SP4,7.8469999999999995,4.579,0.008322,12.4,12.425999999999998,15.532499999999999,4.7860000000000005,1.212,0.0001038,5.998,0.9691,0.3345,0.004056,1.3079999999999998,2.092,3.032,0.004163,5.129,0.0,0.0,0.0,0.0,0.0,0.0,0.0,0.0,0.0,0.0,0.0,0.0,0.0,0.0,0.0,0.0,vectored,random,3,2026-10-05T09:11:16+00:00
nvdla_sdp_dp_nv_small_10nm_TT_0V8_25C_800MHz,nvdla_sdp_dp,config=nv_small,10nm,TT,0.8,25.0,1.25,800.0,nv_small,V-2023.12-SP4,18264,15825,2439,3875.819611,2360.156183,1515.663429,0.13354139290407357,0.39105623613090285,1.03,0.0,0.0,0,V-2023.12-SP4,17418,14979,2439,3870.75,2355.09,1515.66,5513.9328,0.702,0.14002755769893213,0.39156752567331915,1.12,clk,1.32,-0.07,-11.38,348,V-2023.12-SP3,V-2023.12-SP4,12.1,6.019,0.0106,18.1,18.119,22.64875,8.193999999999999,1.9120000000000001,0.0006868,10.1,1.066,0.4174,0.0038829999999999997,1.488,2.823,3.69,0.006032,6.518999999999999,0.0,0.0,0.0,0.0,0.0,0.0,0.0,0.0,0.0,0.0,0.0,0.0,0.0,0.0,0.0,0.0,vectored,random,3,2026-10-05T09:11:19+00:00
nvdla_sdp_dp_nv_small_5nm_TT_0V7_25C_800MHz,nvdla_sdp_dp,config=nv_small,5nm,TT,0.7,25.0,1.25,800.0,nv_small,V-2023.12-SP4,17940,15501,2439,1085.489991,646.035592,439.454399,0.1359531772575251,0.40484426631622444,1.03,0.0,0.0,0,V-2023.12-SP4,16650,14211,2439,1075.07,601.31,473.76,1546.9272,0.695,0.1464864864864865,0.4406782814142335,1.08,clk,1.34,-0.09,-10.96,325,V-2023.12-SP3,V-2023.12-SP4,7.435,4.159999999999999,0.008322,11.6,11.594999999999999,14.493749999999999,4.784,1.212,0.0001038,5.9959999999999996,0.8277,0.2947,0.004044,1.1260000000000001,1.824,2.653,0.004173,4.481,0.0,0.0,0.0,0.0,0.0,0.0,0.0,0.0,0.0,0.0,0.0,0.0,0.0,0.0,0.0,0.0,vectored,process,3,2026-10-05T09:11:25+00:00
nvdla_sdp_dp_nv_small_10nm_TT_0V8_25C_800MHz,nvdla_sdp_dp,config=nv_small,10nm,TT,0.8,25.0,1.25,800.0,nv_small,V-2023.12-SP4,18264,15825,2439,3875.819611,2360.156183,1515.663429,0.13354139290407357,0.39105623613090285,1.03,0.0,0.0,0,V-2023.12-SP4,17418,14979,2439,3870.75,2355.09,1515.66,5513.9328,0.702,0.14002755769893213,0.39156752567331915,1.12,clk,1.32,-0.07,-11.38,348,V-2023.12-SP3,V-2023.12-SP4,11.5,5.466,0.01059,17.0,16.966,21.207500000000003,8.194999999999999,1.9120000000000001,0.0006868,10.1,0.9165,0.3694,0.0038619999999999995,1.2899999999999998,2.421,3.185,0.006045,5.612,0.0,0.0,0.0,0.0,0.0,0.0,0.0,0.0,0.0,0.0,0.0,0.0,0.0,0.0,0.0,0.0,vectored,process,3,2026-10-05T09:11:27+00:00
nvdla_sdp_dp_nv_small_5nm_TT_0V7_25C_800MHz,nvdla_sdp_dp,config=nv_small,5nm,TT,0.7,25.0,1.25,800.0,nv_small,V-2023.12-SP4,17940,15501,2439,1085.489991,646.035592,439.454399,0.1359531772575251,0.40484426631622444,1.03,0.0,0.0,0,V-2023.12-SP4,16650,14211,2439,1075.07,601.31,473.76,1546.9272,0.695,0.1464864864864865,0.4406782814142335,1.08,clk,1.34,-0.09,-10.96,325,V-2023.12-SP3,V-2023.12-SP4,4.796,1.212,0.008291000000000001,6.0169999999999995,6.008,7.51,4.796,1.212,0.0001038,6.008,0.0,0.0,0.004041,0.004041,0.0,0.0,0.0041459999999999995,0.0041459999999999995,0.0,0.0,0.0,0.0,0.0,0.0,0.0,0.0,0.0,0.0,0.0,0.0,0.0,0.0,0.0,0.0,vectored,idle,3,2026-10-05T09:11:33+00:00
nvdla_sdp_dp_nv_small_10nm_TT_0V8_25C_800MHz,nvdla_sdp_dp,config=nv_small,10nm,TT,0.8,25.0,1.25,800.0,nv_small,V-2023.12-SP4,18264,15825,2439,3875.819611,2360.156183,1515.663429,0.13354139290407357,0.39105623613090285,1.03,0.0,0.0,0,V-2023.12-SP4,17418,14979,2439,3870.75,2355.09,1515.66,5513.9328,0.702,0.14002755769893213,0.39156752567331915,1.12,clk,1.32,-0.07,-11.38,348,V-2023.12-SP3,V-2023.12-SP4,8.21,1.9120000000000001,0.010499999999999999,10.1,10.122000000000002,12.652500000000002,8.21,1.9120000000000001,0.0006868,10.1,0.0,0.0,0.0038449999999999995,0.0038449999999999995,0.0,0.0,0.00597,0.00597,0.0,0.0,0.0,0.0,0.0,0.0,0.0,0.0,0.0,0.0,0.0,0.0,0.0,0.0,0.0,0.0,vectored,idle,3,2026-10-05T09:11:35+00:00
nvdla_sdp_dp_nv_small_20nm_TT_0V9_25C_400MHz,nvdla_sdp_dp,config=nv_small,20nm,TT,0.9,25.0,2.5,400.0,nv_small,V-2023.12-SP4,18598,16159,2439,13551.436727,8342.399955,5209.036772,0.13114313367028713,0.3843900006278648,2.26,0.0,0.0,0,V-2023.12-SP4,18799,16360,2439,13969.3,8645.58,5323.72,19255.3152,0.7255,0.12974094366721634,0.3811014152462901,2.44,clk,2.63,-0.13,-22.92,413,V-2023.12-SP3,V-2023.12-SP4,9.418,3.94,0.014280000000000001,13.4,13.357999999999999,33.394999999999996,6.201,1.309,0.0006268,7.51,1.106,0.29910000000000003,0.004781,1.41,2.112,2.332,0.008874,4.453,0.0,0.0,0.0,0.0,0.0,0.0,0.0,0.0,0.0,0.0,0.0,0.0,0.0,0.0,0.0,0.0,unvectored,none,3,2026-10-05T09:12:04+00:00
nvdla_sdp_dp_nv_small_20nm_TT_0V9_25C_400MHz,nvdla_sdp_dp,config=nv_small,20nm,TT,0.9,25.0,2.5,400.0,nv_small,V-2023.12-SP4,18598,16159,2439,13551.436727,8342.399955,5209.036772,0.13114313367028713,0.3843900006278648,2.26,0.0,0.0,0,V-2023.12-SP4,18799,16360,2439,13969.3,8645.58,5323.72,19255.3152,0.7255,0.12974094366721634,0.3811014152462901,2.44,clk,2.63,-0.13,-22.92,413,V-2023.12-SP3,V-2023.12-SP4,9.676,4.24,0.01434,13.899999999999999,13.916,34.79,6.432,1.309,0.0006269,7.742,0.928,0.3104,0.004882999999999999,1.2429999999999999,2.316,2.621,0.008827,4.946,0.0,0.0,0.0,0.0,0.0,0.0,0.0,0.0,0.0,0.0,0.0,0.0,0.0,0.0,0.0,0.0,vectored,random,3,2026-10-05T09:12:12+00:00
nvdla_sdp_dp_nv_small_20nm_TT_0V9_25C_400MHz,nvdla_sdp_dp,config=nv_small,20nm,TT,0.9,25.0,2.5,400.0,nv_small,V-2023.12-SP4,18598,16159,2439,13551.436727,8342.399955,5209.036772,0.13114313367028713,0.3843900006278648,2.26,0.0,0.0,0,V-2023.12-SP4,18799,16360,2439,13969.3,8645.58,5323.72,19255.3152,0.7255,0.12974094366721634,0.3811014152462901,2.44,clk,2.63,-0.13,-22.92,413,V-2023.12-SP3,V-2023.12-SP4,9.05,3.646,0.014270000000000001,12.7,12.696000000000002,31.740000000000002,6.433000000000001,1.309,0.0006269,7.743,0.7919,0.277,0.004819,1.074,1.825,2.06,0.008821,3.8930000000000002,0.0,0.0,0.0,0.0,0.0,0.0,0.0,0.0,0.0,0.0,0.0,0.0,0.0,0.0,0.0,0.0,vectored,process,3,2026-10-05T09:12:20+00:00
nvdla_sdp_dp_nv_small_16nm_TT_0V85_25C_571p429MHz,nvdla_sdp_dp,config=nv_small,16nm,TT,0.85,25.0,1.75,571.4285714285714,nv_small,V-2023.12-SP4,18603,16164,2439,8026.138612,4952.814445,3073.324167,0.13110788582486696,0.38291441446139834,1.52,0.0,0.0,0,V-2023.12-SP4,17573,15134,2439,8245.42,4907.46,3337.96,11404.9037,0.723,0.1387924657144483,0.40482595186176085,1.62,clk,1.85,-0.1,-21.67,444,V-2023.12-SP3,V-2023.12-SP4,11.1,4.702,0.01083,15.8,15.802,27.6535,7.127,1.522,0.0004908,8.65,1.521,0.368,0.0034549999999999997,1.893,2.418,2.812,0.006883,5.237,0.0,0.0,0.0,0.0,0.0,0.0,0.0,0.0,0.0,0.0,0.0,0.0,0.0,0.0,0.0,0.0,unvectored,none,3,2026-10-05T09:12:26+00:00
nvdla_sdp_dp_nv_small_20nm_TT_0V9_25C_400MHz,nvdla_sdp_dp,config=nv_small,20nm,TT,0.9,25.0,2.5,400.0,nv_small,V-2023.12-SP4,18598,16159,2439,13551.436727,8342.399955,5209.036772,0.13114313367028713,0.3843900006278648,2.26,0.0,0.0,0,V-2023.12-SP4,18799,16360,2439,13969.3,8645.58,5323.72,19255.3152,0.7255,0.12974094366721634,0.3811014152462901,2.44,clk,2.63,-0.13,-22.92,413,V-2023.12-SP3,V-2023.12-SP4,6.444,1.309,0.01423,7.7669999999999995,7.753,19.3825,6.444,1.309,0.0006269,7.754,0.0,0.0,0.004825,0.004825,0.0,0.0,0.008779,0.008779,0.0,0.0,0.0,0.0,0.0,0.0,0.0,0.0,0.0,0.0,0.0,0.0,0.0,0.0,0.0,0.0,vectored,idle,3,2026-10-05T09:12:28+00:00
nvdla_sdp_dp_nv_small_16nm_TT_0V85_25C_571p429MHz,nvdla_sdp_dp,config=nv_small,16nm,TT,0.85,25.0,1.75,571.4285714285714,nv_small,V-2023.12-SP4,18603,16164,2439,8026.138612,4952.814445,3073.324167,0.13110788582486696,0.38291441446139834,1.52,0.0,0.0,0,V-2023.12-SP4,17573,15134,2439,8245.42,4907.46,3337.96,11404.9037,0.723,0.1387924657144483,0.40482595186176085,1.62,clk,1.85,-0.1,-21.67,444,V-2023.12-SP3,V-2023.12-SP4,11.9,5.74,0.01099,17.7,17.64,30.87,7.428,1.522,0.0004909000000000001,8.951,1.24,0.3675,0.003579,1.611,3.277,3.85,0.006917,7.1339999999999995,0.0,0.0,0.0,0.0,0.0,0.0,0.0,0.0,0.0,0.0,0.0,0.0,0.0,0.0,0.0,0.0,vectored,random,3,2026-10-05T09:12:34+00:00
nvdla_sdp_dp_nv_small_16nm_TT_0V85_25C_571p429MHz,nvdla_sdp_dp,config=nv_small,16nm,TT,0.85,25.0,1.75,571.4285714285714,nv_small,V-2023.12-SP4,18603,16164,2439,8026.138612,4952.814445,3073.324167,0.13110788582486696,0.38291441446139834,1.52,0.0,0.0,0,V-2023.12-SP4,17573,15134,2439,8245.42,4907.46,3337.96,11404.9037,0.723,0.1387924657144483,0.40482595186176085,1.62,clk,1.85,-0.1,-21.67,444,V-2023.12-SP3,V-2023.12-SP4,11.0,4.769,0.01086,15.7,15.769,27.59575,7.429,1.522,0.0004909000000000001,8.951,1.046,0.3262,0.003449,1.375,2.483,2.921,0.0069240000000000005,5.411,0.0,0.0,0.0,0.0,0.0,0.0,0.0,0.0,0.0,0.0,0.0,0.0,0.0,0.0,0.0,0.0,vectored,process,3,2026-10-05T09:12:43+00:00
nvdla_sdp_dp_nv_small_16nm_TT_0V85_25C_571p429MHz,nvdla_sdp_dp,config=nv_small,16nm,TT,0.85,25.0,1.75,571.4285714285714,nv_small,V-2023.12-SP4,18603,16164,2439,8026.138612,4952.814445,3073.324167,0.13110788582486696,0.38291441446139834,1.52,0.0,0.0,0,V-2023.12-SP4,17573,15134,2439,8245.42,4907.46,3337.96,11404.9037,0.723,0.1387924657144483,0.40482595186176085,1.62,clk,1.85,-0.1,-21.67,444,V-2023.12-SP3,V-2023.12-SP4,7.444,1.522,0.01085,8.977,8.966,15.690499999999998,7.444,1.522,0.0004909000000000001,8.966999999999999,0.0,0.0,0.0034869999999999996,0.0034869999999999996,0.0,0.0,0.00687,0.00687,0.0,0.0,0.0,0.0,0.0,0.0,0.0,0.0,0.0,0.0,0.0,0.0,0.0,0.0,0.0,0.0,vectored,idle,3,2026-10-05T09:12:51+00:00
nvdla_sdp_dp_nv_small_7nm_TT_0V75_25C_800MHz,nvdla_sdp_dp,config=nv_small,7nm,TT,0.75,25.0,1.25,800.0,nv_small,V-2023.12-SP4,16823,14384,2439,1960.697112,1160.812803,799.884309,0.14498008678594781,0.4079591407079096,1.03,0.0,0.0,0,V-2023.12-SP4,16025,13586,2439,1942.04,1146.54,795.5,2797.5629,0.6942,0.1521996879875195,0.40962081110584747,1.08,clk,1.31,-0.06,-4.15,198,V-2023.12-SP3,V-2023.12-SP4,8.199,3.965,0.011399999999999999,12.200000000000001,12.164,15.205,5.622,1.387,0.00028879999999999997,7.0089999999999995,0.9988,0.3437,0.006983,1.35,1.578,2.235,0.004125,3.817,0.0,0.0,0.0,0.0,0.0,0.0,0.0,0.0,0.0,0.0,0.0,0.0,0.0,0.0,0.0,0.0,unvectored,none,3,2026-10-05T09:17:41+00:00
nvdla_sdp_dp_nv_small_7nm_TT_0V75_25C_800MHz,nvdla_sdp_dp,config=nv_small,7nm,TT,0.75,25.0,1.25,800.0,nv_small,V-2023.12-SP4,16823,14384,2439,1960.697112,1160.812803,799.884309,0.14498008678594781,0.4079591407079096,1.03,0.0,0.0,0,V-2023.12-SP4,16025,13586,2439,1942.04,1146.54,795.5,2797.5629,0.6942,0.1521996879875195,0.40962081110584747,1.08,clk,1.31,-0.06,-4.15,198,V-2023.12-SP3,V-2023.12-SP4,8.861,4.67,0.01167,13.5,13.531,16.91375,5.872,1.387,0.00028900000000000003,7.2589999999999995,0.8667,0.33540000000000003,0.007206,1.209,2.1220000000000003,2.947,0.004177,5.074000000000001,0.0,0.0,0.0,0.0,0.0,0.0,0.0,0.0,0.0,0.0,0.0,0.0,0.0,0.0,0.0,0.0,vectored,random,3,2026-10-05T09:17:50+00:00
nvdla_sdp_dp_nv_small_7nm_TT_0V75_25C_800MHz,nvdla_sdp_dp,config=nv_small,7nm,TT,0.75,25.0,1.25,800.0,nv_small,V-2023.12-SP4,16823,14384,2439,1960.697112,1160.812803,799.884309,0.14498008678594781,0.4079591407079096,1.03,0.0,0.0,0,V-2023.12-SP4,16025,13586,2439,1942.04,1146.54,795.5,2797.5629,0.6942,0.1521996879875195,0.40962081110584747,1.08,clk,1.31,-0.06,-4.15,198,V-2023.12-SP3,V-2023.12-SP4,8.377,4.14,0.011590000000000001,12.5,12.517,15.646249999999998,5.872999999999999,1.387,0.00028900000000000003,7.26,0.7356,0.2967,0.007109,1.039,1.769,2.456,0.0041930000000000005,4.229,0.0,0.0,0.0,0.0,0.0,0.0,0.0,0.0,0.0,0.0,0.0,0.0,0.0,0.0,0.0,0.0,vectored,process,3,2026-10-05T09:17:58+00:00
nvdla_sdp_dp_nv_small_7nm_TT_0V75_25C_800MHz,nvdla_sdp_dp,config=nv_small,7nm,TT,0.75,25.0,1.25,800.0,nv_small,V-2023.12-SP4,16823,14384,2439,1960.697112,1160.812803,799.884309,0.14498008678594781,0.4079591407079096,1.03,0.0,0.0,0,V-2023.12-SP4,16025,13586,2439,1942.04,1146.54,795.5,2797.5629,0.6942,0.1521996879875195,0.40962081110584747,1.08,clk,1.31,-0.06,-4.15,198,V-2023.12-SP3,V-2023.12-SP4,5.885,1.387,0.011640000000000001,7.284,7.272,9.09,5.885,1.387,0.00028900000000000003,7.272,0.0,0.0,0.007191,0.007191,0.0,0.0,0.004159,0.004159,0.0,0.0,0.0,0.0,0.0,0.0,0.0,0.0,0.0,0.0,0.0,0.0,0.0,0.0,0.0,0.0,vectored,idle,3,2026-10-05T09:18:07+00:00
nvdla_sdp_dp_nv_small_10nm_TT_0V8_25C_444p444MHz,nvdla_sdp_dp,config=nv_small,10nm,TT,0.8,25.0,2.25,444.44444444444446,nv_small,V-2023.12-SP4,15486,13047,2439,3582.627941,2067.394592,1515.233349,0.15749709414955443,0.4229390754366363,2.03,0.0,0.0,0,V-2023.12-SP4,15352,12913,2439,3626.34,2111.11,1515.23,5108.2445,0.7099,0.15887180823345493,0.4178400260317565,2.08,clk,2.32,-0.07,-0.72,27,V-2023.12-SP3,V-2023.12-SP4,6.016,2.699,0.0094,8.725,8.715,19.60875,4.146000000000001,0.9681,0.00044980000000000004,5.114,0.7002,0.254,0.003761,0.958,1.17,1.477,0.005189,2.6519999999999997,0.0,0.0,0.0,0.0,0.0,0.0,0.0,0.0,0.0,0.0,0.0,0.0,0.0,0.0,0.0,0.0,unvectored,none,3,2026-10-05T09:19:17+00:00
nvdla_sdp_dp_nv_small_10nm_TT_0V8_25C_444p444MHz,nvdla_sdp_dp,config=nv_small,10nm,TT,0.8,25.0,2.25,444.44444444444446,nv_small,V-2023.12-SP4,15486,13047,2439,3582.627941,2067.394592,1515.233349,0.15749709414955443,0.4229390754366363,2.03,0.0,0.0,0,V-2023.12-SP4,15352,12913,2439,3626.34,2111.11,1515.23,5108.2445,0.7099,0.15887180823345493,0.4178400260317565,2.08,clk,2.32,-0.07,-0.72,27,V-2023.12-SP3,V-2023.12-SP4,6.859,3.576,0.009608,10.4,10.435,23.47875,4.316999999999999,0.9681,0.00045,5.285,0.6333000000000001,0.22790000000000002,0.003874,0.8651000000000001,1.909,2.3800000000000003,0.005284,4.2940000000000005,0.0,0.0,0.0,0.0,0.0,0.0,0.0,0.0,0.0,0.0,0.0,0.0,0.0,0.0,0.0,0.0,vectored,random,3,2026-10-05T09:19:26+00:00
nvdla_sdp_dp_nv_small_10nm_TT_0V8_25C_444p444MHz,nvdla_sdp_dp,config=nv_small,10nm,TT,0.8,25.0,2.25,444.44444444444446,nv_small,V-2023.12-SP4,15486,13047,2439,3582.627941,2067.394592,1515.233349,0.15749709414955443,0.4229390754366363,2.03,0.0,0.0,0,V-2023.12-SP4,15352,12913,2439,3626.34,2111.11,1515.23,5108.2445,0.7099,0.15887180823345493,0.4178400260317565,2.08,clk,2.32,-0.07,-0.72,27,V-2023.12-SP3,V-2023.12-SP4,6.509,3.231,0.009595999999999999,9.75,9.74,21.915,4.318,0.9681,0.00045,5.286,0.5421,0.201,0.003853,0.7469,1.649,2.062,0.005293,3.7169999999999996,0.0,0.0,0.0,0.0,0.0,0.0,0.0,0.0,0.0,0.0,0.0,0.0,0.0,0.0,0.0,0.0,vectored,process,3,2026-10-05T09:19:34+00:00
nvdla_sdp_dp_nv_small_10nm_TT_0V8_25C_444p444MHz,nvdla_sdp_dp,config=nv_small,10nm,TT,0.8,25.0,2.25,444.44444444444446,nv_small,V-2023.12-SP4,15486,13047,2439,3582.627941,2067.394592,1515.233349,0.15749709414955443,0.4229390754366363,2.03,0.0,0.0,0,V-2023.12-SP4,15352,12913,2439,3626.34,2111.11,1515.23,5108.2445,0.7099,0.15887180823345493,0.4178400260317565,2.08,clk,2.32,-0.07,-0.72,27,V-2023.12-SP3,V-2023.12-SP4,4.326,0.9681,0.009515,5.303000000000001,5.294099999999999,11.911724999999999,4.326,0.9681,0.00045,5.2940000000000005,0.0,0.0,0.003836,0.003836,0.0,0.0,0.005229,0.005229,0.0,0.0,0.0,0.0,0.0,0.0,0.0,0.0,0.0,0.0,0.0,0.0,0.0,0.0,0.0,0.0,vectored,idle,3,2026-10-05T09:19:42+00:00
nvdla_sdp_dp_nv_small_5nm_TT_0V7_25C_571p429MHz,nvdla_sdp_dp,config=nv_small,5nm,TT,0.7,25.0,1.75,571.4285714285714,nv_small,V-2023.12-SP4,16016,13577,2439,1032.284391,592.829992,439.454399,0.15228521478521478,0.42571059180144094,1.53,0.0,0.0,0,V-2023.12-SP4,15030,12591,2439,1038.7,564.94,473.76,1470.8736,0.7062,0.16227544910179642,0.45610859728506786,1.61,clk,1.83,-0.08,-1.83,70,V-2023.12-SP3,V-2023.12-SP4,5.2459999999999996,2.7560000000000002,0.0076890000000000005,8.01,8.001999999999999,14.003499999999999,3.3409999999999997,0.9066000000000001,0.0001573,4.248,0.8048000000000001,0.2522,0.003754,1.0610000000000002,1.1,1.598,0.003777,2.702,0.0,0.0,0.0,0.0,0.0,0.0,0.0,0.0,0.0,0.0,0.0,0.0,0.0,0.0,0.0,0.0,unvectored,none,3,2026-10-05T09:20:18+00:00
nvdla_sdp_dp_nv_small_5nm_TT_0V7_25C_571p429MHz,nvdla_sdp_dp,config=nv_small,5nm,TT,0.7,25.0,1.75,571.4285714285714,nv_small,V-2023.12-SP4,16016,13577,2439,1032.284391,592.829992,439.454399,0.15228521478521478,0.42571059180144094,1.53,0.0,0.0,0,V-2023.12-SP4,15030,12591,2439,1038.7,564.94,473.76,1470.8736,0.7062,0.16227544910179642,0.45610859728506786,1.61,clk,1.83,-0.08,-1.83,70,V-2023.12-SP3,V-2023.12-SP4,5.939,3.5010000000000003,0.008053000000000001,9.448,9.440000000000001,16.520000000000003,3.513,0.9066000000000001,0.0001573,4.42,0.7199,0.23220000000000002,0.004064000000000001,0.9562,1.706,2.363,0.003831,4.072,0.0,0.0,0.0,0.0,0.0,0.0,0.0,0.0,0.0,0.0,0.0,0.0,0.0,0.0,0.0,0.0,vectored,random,3,2026-10-05T09:20:26+00:00
nvdla_sdp_dp_nv_small_20nm_TT_0V9_25C_250MHz,nvdla_sdp_dp,config=nv_small,20nm,TT,0.9,25.0,4.0,250.0,nv_small,V-2023.12-SP4,16870,14431,2439,12697.977531,7489.363159,5208.614372,0.14457617071724957,0.41019243885760814,3.75,0.0,0.0,0,V-2023.12-SP4,16654,14215,2439,12941.39,7630.76,5310.62,18095.616,0.7152,0.14645130299027262,0.4103593199803112,3.87,clk,4.09,-0.09,-0.89,23,V-2023.12-SP3,V-2023.12-SP4,5.335999999999999,2.038,0.01273,7.3870000000000005,7.373999999999999,29.495999999999995,3.6809999999999996,0.7389,0.0004143,4.420999999999999,0.6851,0.19560000000000002,0.0047480000000000005,0.8854000000000001,0.9698,1.1039999999999999,0.007568,2.081,0.0,0.0,0.0,0.0,0.0,0.0,0.0,0.0,0.0,0.0,0.0,0.0,0.0,0.0,0.0,0.0,unvectored,none,3,2026-10-05T09:20:32+00:00
nvdla_sdp_dp_nv_small_5nm_TT_0V7_25C_571p429MHz,nvdla_sdp_dp,config=nv_small,5nm,TT,0.7,25.0,1.75,571.4285714285714,nv_small,V-2023.12-SP4,16016,13577,2439,1032.284391,592.829992,439.454399,0.15228521478521478,0.42571059180144094,1.53,0.0,0.0,0,V-2023.12-SP4,15030,12591,2439,1038.7,564.94,473.76,1470.8736,0.7062,0.16227544910179642,0.45610859728506786,1.61,clk,1.83,-0.08,-1.83,70,V-2023.12-SP3,V-2023.12-SP4,5.646,3.209,0.008050999999999999,8.862,8.855,15.49625,3.512,0.9066000000000001,0.0001573,4.418,0.6287,0.2085,0.004056,0.8412,1.5050000000000001,2.093,0.0038380000000000003,3.6029999999999998,0.0,0.0,0.0,0.0,0.0,0.0,0.0,0.0,0.0,0.0,0.0,0.0,0.0,0.0,0.0,0.0,vectored,process,3,2026-10-05T09:20:34+00:00
nvdla_sdp_dp_nv_small_20nm_TT_0V9_25C_250MHz,nvdla_sdp_dp,config=nv_small,20nm,TT,0.9,25.0,4.0,250.0,nv_small,V-2023.12-SP4,16870,14431,2439,12697.977531,7489.363159,5208.614372,0.14457617071724957,0.41019243885760814,3.75,0.0,0.0,0,V-2023.12-SP4,16654,14215,2439,12941.39,7630.76,5310.62,18095.616,0.7152,0.14645130299027262,0.4103593199803112,3.87,clk,4.09,-0.09,-0.89,23,V-2023.12-SP3,V-2023.12-SP4,5.936999999999999,2.6020000000000003,0.01282,8.552000000000001,8.539,34.156,3.83,0.7389,0.0004143,4.57,0.6109,0.194,0.0048130000000000004,0.8097,1.496,1.6689999999999998,0.007592000000000001,3.173,0.0,0.0,0.0,0.0,0.0,0.0,0.0,0.0,0.0,0.0,0.0,0.0,0.0,0.0,0.0,0.0,vectored,random,3,2026-10-05T09:20:41+00:00
nvdla_sdp_dp_nv_small_5nm_TT_0V7_25C_571p429MHz,nvdla_sdp_dp,config=nv_small,5nm,TT,0.7,25.0,1.75,571.4285714285714,nv_small,V-2023.12-SP4,16016,13577,2439,1032.284391,592.829992,439.454399,0.15228521478521478,0.42571059180144094,1.53,0.0,0.0,0,V-2023.12-SP4,15030,12591,2439,1038.7,564.94,473.76,1470.8736,0.7062,0.16227544910179642,0.45610859728506786,1.61,clk,1.83,-0.08,-1.83,70,V-2023.12-SP3,V-2023.12-SP4,3.522,0.9066000000000001,0.008022,4.436,4.428599999999999,7.750049999999999,3.522,0.9066000000000001,0.0001573,4.428,0.0,0.0,0.004058,0.004058,0.0,0.0,0.003807,0.003807,0.0,0.0,0.0,0.0,0.0,0.0,0.0,0.0,0.0,0.0,0.0,0.0,0.0,0.0,0.0,0.0,vectored,idle,3,2026-10-05T09:20:44+00:00
nvdla_sdp_dp_nv_small_20nm_TT_0V9_25C_250MHz,nvdla_sdp_dp,config=nv_small,20nm,TT,0.9,25.0,4.0,250.0,nv_small,V-2023.12-SP4,16870,14431,2439,12697.977531,7489.363159,5208.614372,0.14457617071724957,0.41019243885760814,3.75,0.0,0.0,0,V-2023.12-SP4,16654,14215,2439,12941.39,7630.76,5310.62,18095.616,0.7152,0.14645130299027262,0.4103593199803112,3.87,clk,4.09,-0.09,-0.89,23,V-2023.12-SP3,V-2023.12-SP4,5.469,2.195,0.01276,7.677,7.664,30.656,3.83,0.7389,0.0004143,4.57,0.517,0.1727,0.0047480000000000005,0.6945,1.121,1.284,0.007598,2.4130000000000003,0.0,0.0,0.0,0.0,0.0,0.0,0.0,0.0,0.0,0.0,0.0,0.0,0.0,0.0,0.0,0.0,vectored,process,3,2026-10-05T09:20:49+00:00
nvdla_sdp_dp_nv_small_20nm_TT_0V9_25C_250MHz,nvdla_sdp_dp,config=nv_small,20nm,TT,0.9,25.0,4.0,250.0,nv_small,V-2023.12-SP4,16870,14431,2439,12697.977531,7489.363159,5208.614372,0.14457617071724957,0.41019243885760814,3.75,0.0,0.0,0,V-2023.12-SP4,16654,14215,2439,12941.39,7630.76,5310.62,18095.616,0.7152,0.14645130299027262,0.4103593199803112,3.87,clk,4.09,-0.09,-0.89,23,V-2023.12-SP3,V-2023.12-SP4,3.837,0.7389,0.01271,4.589,4.5759,18.3036,3.837,0.7389,0.0004143,4.577,0.0,0.0,0.00476,0.00476,0.0,0.0,0.007535,0.007535,0.0,0.0,0.0,0.0,0.0,0.0,0.0,0.0,0.0,0.0,0.0,0.0,0.0,0.0,0.0,0.0,vectored,idle,3,2026-10-05T09:20:57+00:00
nvdla_sdp_dp_nv_small_16nm_TT_0V85_25C_333p333MHz,nvdla_sdp_dp,config=nv_small,16nm,TT,0.85,25.0,3.0,333.3333333333333,nv_small,V-2023.12-SP4,16387,13948,2439,7442.503143,4357.110625,3085.392518,0.148837493134802,0.4145638179410037,2.76,0.0,0.0,0,V-2023.12-SP4,16117,13678,2439,7756.78,4418.82,3337.96,10623.0113,0.7302,0.15133089284606316,0.43032804849434947,2.87,clk,3.06,-0.06,-0.45,16,V-2023.12-SP3,V-2023.12-SP4,6.0569999999999995,2.4589999999999996,0.009895,8.526,8.515999999999998,25.547999999999995,4.007000000000001,0.8611,0.00037170000000000004,4.868,0.8857999999999999,0.2179,0.0034419999999999997,1.107,1.1640000000000001,1.38,0.00608,2.5509999999999997,0.0,0.0,0.0,0.0,0.0,0.0,0.0,0.0,0.0,0.0,0.0,0.0,0.0,0.0,0.0,0.0,unvectored,none,3,2026-10-05T09:21:43+00:00
nvdla_sdp_dp_nv_small_16nm_TT_0V85_25C_333p333MHz,nvdla_sdp_dp,config=nv_small,16nm,TT,0.85,25.0,3.0,333.3333333333333,nv_small,V-2023.12-SP4,16387,13948,2439,7442.503143,4357.110625,3085.392518,0.148837493134802,0.4145638179410037,2.76,0.0,0.0,0,V-2023.12-SP4,16117,13678,2439,7756.78,4418.82,3337.96,10623.0113,0.7302,0.15133089284606316,0.43032804849434947,2.87,clk,3.06,-0.06,-0.45,16,V-2023.12-SP3,V-2023.12-SP4,6.6819999999999995,3.136,0.01013,9.828,9.818,29.454,4.184,0.8611,0.0003718,5.045,0.7736999999999999,0.20220000000000002,0.003645,0.9795999999999999,1.7249999999999999,2.072,0.006112,3.803,0.0,0.0,0.0,0.0,0.0,0.0,0.0,0.0,0.0,0.0,0.0,0.0,0.0,0.0,0.0,0.0,vectored,random,3,2026-10-05T09:21:51+00:00
nvdla_sdp_dp_nv_small_16nm_TT_0V85_25C_333p333MHz,nvdla_sdp_dp,config=nv_small,16nm,TT,0.85,25.0,3.0,333.3333333333333,nv_small,V-2023.12-SP4,16387,13948,2439,7442.503143,4357.110625,3085.392518,0.148837493134802,0.4145638179410037,2.76,0.0,0.0,0,V-2023.12-SP4,16117,13678,2439,7756.78,4418.82,3337.96,10623.0113,0.7302,0.15133089284606316,0.43032804849434947,2.87,clk,3.06,-0.06,-0.45,16,V-2023.12-SP3,V-2023.12-SP4,6.1370000000000005,2.649,0.010010000000000002,8.796999999999999,8.786000000000001,26.358000000000004,4.184,0.8611,0.0003718,5.045,0.6499,0.17809999999999998,0.003514,0.8315,1.304,1.61,0.006119,2.92,0.0,0.0,0.0,0.0,0.0,0.0,0.0,0.0,0.0,0.0,0.0,0.0,0.0,0.0,0.0,0.0,vectored,process,3,2026-10-05T09:21:58+00:00
nvdla_sdp_dp_nv_small_16nm_TT_0V85_25C_333p333MHz,nvdla_sdp_dp,config=nv_small,16nm,TT,0.85,25.0,3.0,333.3333333333333,nv_small,V-2023.12-SP4,16387,13948,2439,7442.503143,4357.110625,3085.392518,0.148837493134802,0.4145638179410037,2.76,0.0,0.0,0,V-2023.12-SP4,16117,13678,2439,7756.78,4418.82,3337.96,10623.0113,0.7302,0.15133089284606316,0.43032804849434947,2.87,clk,3.06,-0.06,-0.45,16,V-2023.12-SP3,V-2023.12-SP4,4.192,0.8611,0.009991,5.063,5.053100000000001,15.159300000000002,4.192,0.8611,0.0003718,5.053,0.0,0.0,0.00356,0.00356,0.0,0.0,0.006059,0.006059,0.0,0.0,0.0,0.0,0.0,0.0,0.0,0.0,0.0,0.0,0.0,0.0,0.0,0.0,0.0,0.0,vectored,idle,3,2026-10-05T09:22:07+00:00
nvdla_sdp_dp_nv_small_7nm_TT_0V75_25C_500MHz,nvdla_sdp_dp,config=nv_small,7nm,TT,0.75,25.0,2.0,500.0,nv_small,V-2023.12-SP4,15625,13186,2439,1876.912152,1077.189123,799.723029,0.156096,0.42608442177106215,1.79,0.0,0.0,0,V-2023.12-SP4,15051,12612,2439,1868.67,1073.17,795.5,2674.7482,0.6986,0.1620490332868248,0.4257038428400948,1.84,clk,2.03,-0.03,-0.31,17,V-2023.12-SP3,V-2023.12-SP4,5.051,2.4589999999999996,0.01099,7.521,7.51,15.02,3.456,0.8641,0.00025079999999999997,4.32,0.6235,0.2439,0.006987999999999999,0.8744,0.9713,1.351,0.003753,2.326,0.0,0.0,0.0,0.0,0.0,0.0,0.0,0.0,0.0,0.0,0.0,0.0,0.0,0.0,0.0,0.0,unvectored,none,3,2026-10-05T09:31:32+00:00
nvdla_sdp_dp_nv_small_7nm_TT_0V75_25C_500MHz,nvdla_sdp_dp,config=nv_small,7nm,TT,0.75,25.0,2.0,500.0,nv_small,V-2023.12-SP4,15625,13186,2439,1876.912152,1077.189123,799.723029,0.156096,0.42608442177106215,1.79,0.0,0.0,0,V-2023.12-SP4,15051,12612,2439,1868.67,1073.17,795.5,2674.7482,0.6986,0.1620490332868248,0.4257038428400948,1.84,clk,2.03,-0.03,-0.31,17,V-2023.12-SP3,V-2023.12-SP4,5.621,3.02,0.01136,8.652999999999999,8.641,17.282,3.614,0.8641,0.00025100000000000003,4.478000000000001,0.5828,0.2164,0.0072629999999999995,0.8065,1.425,1.939,0.003846,3.368,0.0,0.0,0.0,0.0,0.0,0.0,0.0,0.0,0.0,0.0,0.0,0.0,0.0,0.0,0.0,0.0,vectored,random,3,2026-10-05T09:31:40+00:00
nvdla_sdp_dp_nv_small_7nm_TT_0V75_25C_500MHz,nvdla_sdp_dp,config=nv_small,7nm,TT,0.75,25.0,2.0,500.0,nv_small,V-2023.12-SP4,15625,13186,2439,1876.912152,1077.189123,799.723029,0.156096,0.42608442177106215,1.79,0.0,0.0,0,V-2023.12-SP4,15051,12612,2439,1868.67,1073.17,795.5,2674.7482,0.6986,0.1620490332868248,0.4257038428400948,1.84,clk,2.03,-0.03,-0.31,17,V-2023.12-SP3,V-2023.12-SP4,5.316000000000001,2.698,0.01127,8.026,8.014000000000001,16.028000000000002,3.614,0.8641,0.00025100000000000003,4.479,0.4992,0.1898,0.007167,0.6960999999999999,1.203,1.6440000000000001,0.003856,2.851,0.0,0.0,0.0,0.0,0.0,0.0,0.0,0.0,0.0,0.0,0.0,0.0,0.0,0.0,0.0,0.0,vectored,process,3,2026-10-05T09:31:48+00:00
nvdla_sdp_dp_nv_small_7nm_TT_0V75_25C_500MHz,nvdla_sdp_dp,config=nv_small,7nm,TT,0.75,25.0,2.0,500.0,nv_small,V-2023.12-SP4,15625,13186,2439,1876.912152,1077.189123,799.723029,0.156096,0.42608442177106215,1.79,0.0,0.0,0,V-2023.12-SP4,15051,12612,2439,1868.67,1073.17,795.5,2674.7482,0.6986,0.1620490332868248,0.4257038428400948,1.84,clk,2.03,-0.03,-0.31,17,V-2023.12-SP3,V-2023.12-SP4,3.622,0.8641,0.01133,4.497,4.4860999999999995,8.972199999999999,3.622,0.8641,0.00025100000000000003,4.486000000000001,0.0,0.0,0.007249,0.007249,0.0,0.0,0.0038260000000000004,0.0038260000000000004,0.0,0.0,0.0,0.0,0.0,0.0,0.0,0.0,0.0,0.0,0.0,0.0,0.0,0.0,0.0,0.0,vectored,idle,3,2026-10-05T09:31:56+00:00
