node,transistor,corner,voltage_offset_V,vdd_V,temperature_C,rows,cols,wd,toggle_rate,n_toggle_cols,pex,wr_same_energy_pJ,wr_toggle_energy_pJ,rd_1to1_energy_pJ,rd_1to0_energy_pJ,wr1_init_energy_pJ,wr0_fill_energy_pJ,leak_power_mW,rd_delay_ns,rd_bl_dev_ns,rd_sense_ns,wr_delay_ns,wr_bl_ns,wr_cell_ns,width_um,height_um,total_area_um2,flow_run_id,decoder_area_um2,macro_area_um2
5nm,hp,TT,0,0.7,25,8,4,4,1.0,4,1,0.007316,0.0271,0.007217,0.01282,0.007409,0.01288,2.843e-05,0.03627,0.004914,-2.964,0.0372,0.02618,0.01101,0.888,3.988,3.5413,array_X4_8x4_tr1_v0.7_t25_20260715_120851,3.024,6.5653
5nm,hp,TT,0,0.7,25,8,8,4,1.0,8,1,0.01468,0.05423,0.01448,0.02568,0.01486,0.0258,5.621e-05,0.03627,0.004915,-2.964,0.0372,0.02618,0.01102,1.776,3.988,7.0827,array_X4_8x8_tr1_v0.7_t25_20260715_121121,3.024,10.1067
5nm,hp,TT,0,0.7,25,8,16,4,1.0,16,1,0.0294,0.1085,0.029,0.05138,0.02977,0.05163,0.0001142,0.03608,0.004903,-2.964,0.03717,0.02618,0.01099,3.552,3.988,14.1654,array_X4_8x16_tr1_v0.7_t25_20260715_121401,3.024,17.1894
5nm,hp,TT,0,0.7,25,8,32,4,1.0,32,1,0.05883,0.2171,0.05804,0.1028,0.05963,0.1033,0.0002276,0.03627,0.004909,-2.964,0.03717,0.02618,0.01099,7.104,3.988,28.3308,array_X4_8x32_tr1_v0.7_t25_20260715_121658,3.024,31.3548
5nm,hp,TT,0,0.7,25,8,64,4,1.0,64,1,0.1177,0.4341,0.1161,0.2056,0.1193,0.2066,0.0004754,0.03627,0.004909,-2.964,0.03724,0.02629,0.01095,14.208,3.988,56.6615,array_X4_8x64_tr1_v0.7_t25_20260715_122037,3.024,59.6855
5nm,hp,TT,0,0.7,25,16,4,4,1.0,4,1,0.01062,0.03029,0.01041,0.01619,0.0107,0.01628,4.55e-05,0.04475,0.006277,-2.955,0.04516,0.03481,0.01035,0.888,6.228,5.5305,array_X4_16x4_tr1_v0.7_t25_20260715_122526,5.1072,10.6377
5nm,hp,TT,0,0.7,25,16,8,4,0.5,4,1,0.02132,0.04092,0.02089,0.03244,0.02148,0.04662,9.522e-05,0.04474,0.006277,-2.955,0.04505,0.03468,0.01038,1.776,6.228,11.0609,array_X4_16x8_tr0.5_v0.7_t25_20260715_201713,5.4264,16.4873
5nm,hp,TT,-0.05,0.65,25,16,8,4,1.0,8,1,0.01834,0.05163,0.01798,0.02763,0.0185,0.02794,6.966e-05,0.04989,0.006788,-2.95,0.04726,0.03624,0.01101,1.776,6.228,11.0609,array_X4_16x8_tr1_v0.65_t25_20260715_171611,5.4264,16.4873
5nm,hp,TT,-0.05,0.65,85,16,8,4,1.0,8,1,0.0262,0.064,0.02577,0.03901,0.02622,0.03853,0.001022,0.04702,0.007298,-2.953,0.05046,0.03773,0.01272,1.776,6.228,11.0609,array_X4_16x8_tr1_v0.65_t85_20260715_171802,5.4264,16.4873
5nm,hp,TT,-0.1,0.6,25,16,8,4,1.0,8,1,0.01562,0.04358,0.01531,0.02346,0.01576,0.02368,6.286e-05,0.05708,0.007449,-2.943,0.05012,0.03829,0.01183,1.776,6.228,11.0609,array_X4_16x8_tr1_v0.6_t25_20260715_171544,5.4264,16.4873
5nm,hp,TT,-0.1,0.6,85,16,8,4,1.0,8,1,0.02241,0.05415,0.02204,0.03313,0.02244,0.03283,0.0008873,0.05253,0.00797,-2.947,0.0535,0.03979,0.0137,1.776,6.228,11.0609,array_X4_16x8_tr1_v0.6_t85_20260715_171736,5.4264,16.4873
5nm,hp,TT,0.05,0.75,25,16,8,4,1.0,8,1,0.02456,0.07056,0.02408,0.03776,0.02475,0.03788,0.0001062,0.04099,0.005863,-2.959,0.04338,0.03348,0.009899,1.776,6.228,11.0609,array_X4_16x8_tr1_v0.75_t25_20260715_171642,5.4264,16.4873
5nm,hp,TT,0.05,0.75,85,16,8,4,1.0,8,1,0.03486,0.08694,0.03435,0.0528,0.03488,0.05175,0.001329,0.0401,0.006342,-2.96,0.04645,0.03508,0.01136,1.776,6.228,11.0609,array_X4_16x8_tr1_v0.75_t85_20260715_171855,5.4264,16.4873
5nm,hp,TT,0,0.7,25,16,8,4,1.0,8,1,0.02132,0.06062,0.02089,0.03243,0.02148,0.0326,9.522e-05,0.04473,0.006277,-2.955,0.04505,0.03468,0.01037,1.776,6.228,11.0609,array_X4_16x8_tr1_v0.7_t25_20260715_122809,5.4264,16.4873
5nm,hp,TT,0,0.7,85,16,8,4,1.0,8,1,0.03033,0.0749,0.02986,0.0455,0.03038,0.04484,0.001176,0.04306,0.006768,-2.957,0.04822,0.03624,0.01197,1.776,6.228,11.0609,array_X4_16x8_tr1_v0.7_t85_20260715_171828,5.4264,16.4873
5nm,hp,TT,0.1,0.8,25,16,8,4,1.0,8,1,0.02803,0.08156,0.02753,0.04366,0.02819,0.04351,0.0001261,0.03824,0.005526,-2.962,0.04201,0.0325,0.009506,1.776,6.228,11.0609,array_X4_16x8_tr1_v0.8_t25_20260715_171709,5.4264,16.4873
5nm,hp,TT,0.1,0.8,85,16,8,4,1.0,8,1,0.03974,0.09996,0.03922,0.06084,0.0398,0.05935,0.001502,0.03786,0.006007,-2.962,0.04504,0.0342,0.01084,1.776,6.228,11.0609,array_X4_16x8_tr1_v0.8_t85_20260715_171923,5.4264,16.4873
5nm,hp,TT,0,0.7,25,16,16,4,1.0,16,1,0.04271,0.1213,0.04185,0.06493,0.04302,0.06524,0.000193,0.04474,0.006278,-2.955,0.04505,0.03467,0.01038,3.552,6.228,22.1219,array_X4_16x16_tr1_v0.7_t25_20260715_123106,5.4264,27.5483
5nm,hp,TT,0,0.7,25,16,32,4,1.0,32,1,0.08548,0.2427,0.08378,0.1299,0.08612,0.1305,0.0003893,0.04475,0.006272,-2.955,0.04502,0.03468,0.01035,7.104,6.228,44.2437,array_X4_16x32_tr1_v0.7_t25_20260715_123445,5.4264,49.6701
5nm,hp,TT,0,0.7,25,16,64,4,1.0,64,1,0.171,0.4854,0.1676,0.2598,0.1723,0.261,0.0007805,0.04475,0.006272,-2.955,0.04513,0.03481,0.01032,14.208,6.228,88.4874,array_X4_16x64_tr1_v0.7_t25_20260715_123936,5.4264,93.9138
5nm,hp,TT,0,0.7,25,32,4,4,1.0,4,1,0.01713,0.03684,0.01681,0.02292,0.01721,0.02302,8.149e-05,0.06042,0.009056,-2.94,0.06099,0.05136,0.009628,0.888,10.708,9.5087,array_X4_32x4_tr1_v0.7_t25_20260715_124641,15.5904,25.0991
5nm,hp,TT,0,0.7,25,32,8,4,1.0,8,1,0.03437,0.07377,0.03373,0.04592,0.03453,0.04609,0.0001651,0.06043,0.009062,-2.94,0.06101,0.05136,0.009648,1.776,10.708,19.0174,array_X4_32x8_tr1_v0.7_t25_20260715_124957,15.5904,34.6078
5nm,hp,TT,0,0.7,25,32,16,4,1.0,16,1,0.06885,0.1476,0.06758,0.09193,0.06915,0.09224,0.0003307,0.06003,0.009021,-2.94,0.0608,0.05115,0.009653,3.552,10.708,38.0348,array_X4_32x16_tr1_v0.7_t25_20260715_125328,15.5904,53.6252
5nm,hp,TT,0,0.7,25,32,32,4,1.0,32,1,0.1378,0.2953,0.1353,0.1839,0.1385,0.1845,0.0006631,0.06042,0.009056,-2.94,0.06078,0.05115,0.009626,7.104,10.708,76.0696,array_X4_32x32_tr1_v0.7_t25_20260715_125816,15.5904,91.66
5nm,hp,TT,0,0.7,25,32,64,4,1.0,64,1,0.2759,0.5903,0.2706,0.3676,0.2764,0.3692,0.001305,0.06048,0.009057,-2.94,0.06104,0.05138,0.009654,14.208,10.708,152.1393,array_X4_32x64_tr1_v0.7_t25_20260715_130612,15.5904,167.7297
5nm,hp,TT,0,0.7,25,64,4,8,1.0,4,1,0.03128,0.05988,0.0305,0.03742,0.03136,0.03771,0.0001636,0.09089,0.01503,-2.909,0.05971,0.05078,0.008936,0.888,20.572,18.2679,array_X8_64x4_tr1_v0.7_t25_20260715_131239,56.826,75.0939
5nm,hp,TT,0,0.7,25,64,8,8,1.0,8,1,0.06281,0.1199,0.06123,0.07507,0.06297,0.07556,0.0003303,0.09154,0.01512,-2.908,0.0597,0.05074,0.00896,1.776,20.572,36.5359,array_X8_64x8_tr1_v0.7_t25_20260715_131651,56.826,93.3619
5nm,hp,TT,0,0.7,25,64,16,8,0.5,8,1,0.1258,0.1828,0.1227,0.1502,0.1261,0.1956,0.0006605,0.09089,0.01503,-2.909,0.05954,0.05056,0.008976,3.552,20.572,73.0717,array_X8_64x16_tr0.5_v0.7_t25_20260715_201732,56.826,129.8977
5nm,hp,TT,-0.05,0.65,25,64,16,8,1.0,16,1,0.1083,0.2052,0.1056,0.1279,0.1086,0.1294,0.000551,0.1015,0.01629,-2.898,0.06197,0.05245,0.009516,3.552,20.572,73.0717,array_X8_64x16_tr1_v0.65_t25_20260715_172349,56.826,129.8977
5nm,hp,TT,-0.05,0.65,85,64,16,8,1.0,16,1,0.161,0.2846,0.1576,0.2091,0.1611,0.2064,0.007301,0.09682,0.019,-2.903,0.06497,0.05441,0.01055,3.552,20.572,73.0717,array_X8_64x16_tr1_v0.65_t85_20260715_174042,56.826,129.8977
5nm,hp,TT,-0.1,0.6,25,64,16,8,1.0,16,1,0.09222,0.1741,0.08988,0.1079,0.09249,0.1097,0.0004589,0.117,0.01796,-2.883,0.06539,0.05517,0.01021,3.552,20.572,73.0717,array_X8_64x16_tr1_v0.6_t25_20260715_171951,56.826,129.8977
5nm,hp,TT,-0.1,0.6,85,64,16,8,1.0,16,1,0.1382,0.2423,0.1349,0.1782,0.1382,0.1764,0.006356,0.1085,0.02084,-2.892,0.06815,0.05682,0.01133,3.552,20.572,73.0717,array_X8_64x16_tr1_v0.6_t85_20260715_173635,56.826,129.8977
5nm,hp,TT,0.05,0.75,25,64,16,8,1.0,16,1,0.1448,0.2784,0.1412,0.175,0.1452,0.1751,0.0007483,0.0834,0.01405,-2.917,0.05777,0.04922,0.008546,3.552,20.572,73.0717,array_X8_64x16_tr1_v0.75_t25_20260715_172747,56.826,129.8977
5nm,hp,TT,0.05,0.75,85,64,16,8,1.0,16,1,0.213,0.3828,0.2087,0.2824,0.213,0.2755,0.009485,0.08283,0.01651,-2.917,0.06114,0.05166,0.009487,3.552,20.572,73.0717,array_X8_64x16_tr1_v0.75_t85_20260715_174851,56.826,129.8977
5nm,hp,TT,0,0.7,25,64,16,8,1.0,16,1,0.1258,0.2399,0.1227,0.1502,0.1261,0.1513,0.0006605,0.09089,0.01503,-2.909,0.05953,0.05056,0.008976,3.552,20.572,73.0717,array_X8_64x16_tr1_v0.7_t25_20260715_132208,56.826,129.8977
5nm,hp,TT,0,0.7,85,64,16,8,1.0,16,1,0.186,0.3311,0.1821,0.2438,0.186,0.2393,0.008355,0.08881,0.01761,-2.911,0.06288,0.05292,0.009958,3.552,20.572,73.0717,array_X8_64x16_tr1_v0.7_t85_20260715_174442,56.826,129.8977
5nm,hp,TT,0.1,0.8,25,64,16,8,1.0,16,1,0.1653,0.3205,0.1613,0.2029,0.1657,0.2014,0.0009282,0.07796,0.01326,-2.922,0.05658,0.04835,0.00823,3.552,20.572,73.0717,array_X8_64x16_tr1_v0.8_t25_20260715_173218,56.826,129.8977
5nm,hp,TT,0.1,0.8,85,64,16,8,1.0,16,1,0.2422,0.4391,0.2378,0.3254,0.2423,0.3153,0.01076,0.07835,0.01562,-2.922,0.05986,0.05078,0.009087,3.552,20.572,73.0717,array_X8_64x16_tr1_v0.8_t85_20260715_175259,56.826,129.8977
5nm,hp,TT,0,0.7,25,64,32,8,1.0,32,1,0.2524,0.4793,0.2457,0.2999,0.2532,0.3023,0.001287,0.09154,0.01512,-2.908,0.0599,0.05095,0.008952,7.104,20.572,146.1435,array_X8_64x32_tr1_v0.7_t25_20260715_133009,56.826,202.9695
5nm,hp,TT,0,0.7,25,64,64,8,1.0,64,1,0.5047,0.9577,0.4921,0.5998,0.5059,0.6049,0.002574,0.09147,0.01511,-2.909,0.05951,0.05056,0.00895,14.208,20.572,292.287,array_X8_64x64_tr1_v0.7_t25_20260715_133805,56.826,349.113
5nm,hp,TT,0,0.7,25,128,4,16,1.0,4,1,0.05941,0.1059,0.05793,0.06656,0.05949,0.06686,0.0003211,0.1461,0.02795,-2.854,0.08415,0.07551,0.008638,0.888,40.3,35.7864,array_X16_128x4_tr1_v0.7_t25_20260715_134846,215.712,251.4984
5nm,hp,TT,0,0.7,25,128,8,16,1.0,8,1,0.1193,0.212,0.1163,0.1333,0.1194,0.1339,0.0006435,0.1462,0.02796,-2.854,0.08413,0.07548,0.00865,1.776,40.3,71.5728,array_X16_128x8_tr1_v0.7_t25_20260715_135455,215.712,287.2848
5nm,hp,TT,0,0.7,25,128,16,16,1.0,16,1,0.2391,0.4232,0.233,0.2665,0.2396,0.2679,0.001278,0.1462,0.02794,-2.854,0.08409,0.07543,0.008654,3.552,40.3,143.1456,array_X16_128x16_tr1_v0.7_t25_20260715_140320,215.712,358.8576
5nm,hp,TT,0,0.7,25,128,32,16,1.0,32,1,0.4792,0.8474,0.4662,0.5341,0.4792,0.5362,0.002557,0.146,0.02795,-2.854,0.08442,0.07577,0.008652,7.104,40.3,286.2912,array_X16_128x32_tr1_v0.7_t25_20260715_141213,215.712,502.0032
5nm,hp,TT,0,0.7,25,128,64,16,1.0,64,1,0.9581,1.696,0.9338,1.068,0.9592,1.073,0.005114,0.1462,0.02795,-2.854,0.08453,0.07587,0.008653,14.208,40.3,572.5824,array_X16_128x64_tr1_v0.7_t25_20260715_142636,215.712,788.2944
5nm,hp,TT,0,0.7,25,256,4,32,1.0,4,1,0.1152,0.1977,0.1127,0.1249,0.1153,0.125,0.0006392,0.2318,0.05638,-2.768,0.2059,0.1974,0.008474,0.888,79.756,70.8233,array_X32_256x4_tr1_v0.7_t25_20260715_144633,829.92,900.7433
5nm,hp,TT,0,0.7,25,256,8,32,1.0,8,1,0.2317,0.3952,0.2262,0.2501,0.2315,0.2503,0.001274,0.2319,0.05635,-2.768,0.2068,0.1983,0.008496,1.776,79.756,141.6467,array_X32_256x8_tr1_v0.7_t25_20260715_145951,825.93,967.5767
5nm,hp,TT,0,0.7,25,256,16,32,1.0,16,1,0.4635,0.791,0.4532,0.5007,0.4639,0.5018,0.002548,0.2319,0.05638,-2.768,0.2063,0.1978,0.008515,3.552,79.756,283.2933,array_X32_256x16_tr1_v0.7_t25_20260715_151357,829.92,1113.2133
5nm,hp,TT,0,0.7,25,256,32,32,0.5,16,1,0.9277,1.254,0.9079,1.001,0.9283,1.293,0.005096,0.2319,0.05638,-2.768,0.2058,0.1973,0.008475,7.104,79.756,566.5866,array_X32_256x32_tr0.5_v0.7_t25_20260715_202115,825.93,1392.5166
5nm,hp,TT,-0.05,0.65,25,256,32,32,1.0,32,1,0.8,1.356,0.7812,0.8506,0.8008,0.8586,0.004277,0.2608,0.06062,-2.739,0.2076,0.1986,0.008981,7.104,79.756,566.5866,array_X32_256x32_tr1_v0.65_t25_20260715_181256,825.93,1392.5166
5nm,hp,TT,-0.05,0.65,85,256,32,32,1.0,32,1,1.209,1.969,1.183,1.475,1.209,1.462,0.05775,0.2519,0.074,-2.748,0.211,0.2011,0.009841,7.104,79.756,566.5866,array_X32_256x32_tr1_v0.65_t85_20260715_191504,825.93,1392.5166
5nm,hp,TT,-0.1,0.6,25,256,32,32,1.0,32,1,0.6808,1.152,0.6647,0.7167,0.6813,0.7283,0.003583,0.3042,0.06635,-2.696,0.2093,0.1997,0.009637,7.104,79.756,566.5866,array_X32_256x32_tr1_v0.6_t25_20260715_175723,825.93,1392.5166
5nm,hp,TT,-0.1,0.6,85,256,32,32,1.0,32,1,1.037,1.679,1.014,1.254,1.037,1.251,0.0502,0.2838,0.08072,-2.716,0.2115,0.2009,0.01055,7.104,79.756,566.5866,array_X32_256x32_tr1_v0.6_t85_20260715_190042,825.93,1392.5166
5nm,hp,TT,0.05,0.75,25,256,32,32,1.0,32,1,1.067,1.832,1.044,1.174,1.068,1.163,0.006061,0.2116,0.05315,-2.788,0.2063,0.1982,0.00809,7.104,79.756,566.5866,array_X32_256x32_tr1_v0.75_t25_20260715_182820,825.93,1392.5166
5nm,hp,TT,0.05,0.75,85,256,32,32,1.0,32,1,1.598,2.637,1.567,2.001,1.598,1.95,0.07512,0.2122,0.06503,-2.788,0.2078,0.1989,0.008854,7.104,79.756,566.5866,array_X32_256x32_tr1_v0.75_t85_20260715_194439,825.93,1392.5166
5nm,hp,TT,0,0.7,25,256,32,32,1.0,32,1,0.9277,1.584,0.9079,1.002,0.9283,1.003,0.005096,0.2318,0.05639,-2.768,0.2064,0.198,0.008469,7.104,79.756,566.5866,array_X32_256x32_tr1_v0.7_t25_20260715_153350,825.93,1392.5166
5nm,hp,TT,0,0.7,85,256,32,32,1.0,32,1,1.396,2.285,1.368,1.723,1.397,1.694,0.06604,0.229,0.06898,-2.771,0.2091,0.1998,0.009299,7.104,79.756,566.5866,array_X32_256x32_tr1_v0.7_t85_20260715_192930,825.93,1392.5166
5nm,hp,TT,0.1,0.8,25,256,32,32,1.0,32,1,1.216,2.109,1.192,1.369,1.218,1.338,0.007197,0.1972,0.05055,-2.803,0.2048,0.197,0.007761,7.104,79.756,566.5866,array_X32_256x32_tr1_v0.8_t25_20260715_184429,825.93,1392.5166
5nm,hp,TT,0.1,0.8,85,256,32,32,1.0,32,1,1.816,3.025,1.784,2.311,1.817,2.229,0.08508,0.1997,0.06194,-2.8,0.2078,0.1993,0.008496,7.104,79.756,566.5866,array_X32_256x32_tr1_v0.8_t85_20260715_200048,825.93,1392.5166
5nm,hp,TT,0,0.7,25,512,4,64,1.0,4,1,0.2257,0.3816,0.2178,0.2375,0.2259,0.2413,0.001272,0.3192,0.122,-2.681,0.698,0.6895,0.008507,0.888,158.668,140.8972,array_X64_512x4_tr1_v0.7_t25_20260715_155502,3230.766,3371.6632
5nm,hp,TT,0,0.7,25,512,8,64,1.0,8,1,0.4534,0.7638,0.437,0.4758,0.4535,0.4836,0.002543,0.3194,0.1222,-2.681,0.6999,0.6914,0.008502,1.776,158.668,281.7944,array_X64_512x8_tr1_v0.7_t25_20260715_161703,3230.766,3512.5604
5nm,hp,TT,0,0.7,25,512,16,64,1.0,16,1,0.9077,1.528,0.8759,0.9523,0.9085,0.9673,0.005086,0.3192,0.122,-2.681,0.6996,0.6911,0.008495,3.552,158.668,563.5887,array_X64_512x16_tr1_v0.7_t25_20260715_164624,3230.766,3794.3547
7nm,hp,TT,0,0.75,25,8,4,4,1.0,4,1,0.007895,0.02634,0.008007,0.0136,0.01576,0.01352,2.421e-05,0.0357,0.004803,-2.964,0.0632,0.05154,0.01165,1.176,5.626,6.6162,array_X4_8x4_tr1_v0.75_t25_20260715_120850,4.8223,11.4385
7nm,hp,TT,0,0.75,25,8,8,4,1.0,8,1,0.01583,0.05274,0.01606,0.02725,0.03155,0.02709,4.928e-05,0.03582,0.004817,-2.964,0.06323,0.05155,0.01168,2.352,5.626,13.2324,array_X4_8x8_tr1_v0.75_t25_20260715_121119,4.8223,18.0547
7nm,hp,TT,0,0.75,25,8,16,4,1.0,16,1,0.03172,0.1055,0.03216,0.05455,0.06315,0.05423,9.926e-05,0.03582,0.004817,-2.964,0.06326,0.05158,0.01168,4.704,5.626,26.4647,array_X4_8x16_tr1_v0.75_t25_20260715_121353,4.8223,31.287
7nm,hp,TT,0,0.75,25,8,32,4,1.0,32,1,0.06349,0.2111,0.06438,0.1091,0.1263,0.1085,0.0001991,0.03582,0.004813,-2.964,0.06323,0.05158,0.01165,9.408,5.626,52.9294,array_X4_8x32_tr1_v0.75_t25_20260715_121649,4.8223,57.7517
7nm,hp,TT,0,0.75,25,8,64,4,1.0,64,1,0.127,0.4223,0.1288,0.2184,0.2528,0.2171,0.0003998,0.03583,0.004811,-2.964,0.06336,0.05175,0.01161,18.816,5.626,105.8588,array_X4_8x64_tr1_v0.75_t25_20260715_122015,4.8223,110.6811
7nm,hp,TT,0,0.75,25,16,4,4,1.0,4,1,0.01161,0.02976,0.01165,0.01736,0.01849,0.01736,4.249e-05,0.04471,0.006165,-2.955,0.07947,0.06906,0.01042,1.176,8.506,10.0031,array_X4_16x4_tr1_v0.75_t25_20260715_122447,7.1286,17.1317
7nm,hp,TT,0,0.75,25,16,8,4,0.5,4,1,0.0233,0.04139,0.02338,0.03478,0.03706,0.04719,8.506e-05,0.04453,0.006146,-2.955,0.07949,0.06909,0.0104,2.352,8.506,20.0061,array_X4_16x8_tr0.5_v0.75_t25_20260715_191021,7.1286,27.1347
7nm,hp,TT,-0.1,0.65,25,16,8,4,1.0,8,1,0.01741,0.04344,0.0175,0.02546,0.02667,0.0255,6.155e-05,0.05397,0.007117,-2.946,0.08734,0.07561,0.01173,2.352,8.506,20.0061,array_X4_16x8_tr1_v0.65_t25_20260715_164539,7.1286,27.1347
7nm,hp,TT,-0.1,0.65,85,16,8,4,1.0,8,1,0.02688,0.05185,0.02688,0.0325,0.03985,0.03255,0.0008494,0.05089,0.006378,-2.949,0.09172,0.07838,0.01333,2.352,8.506,20.0061,array_X4_16x8_tr1_v0.65_t85_20260715_164724,7.1286,27.1347
7nm,hp,TT,0,0.75,25,16,8,4,1.0,8,1,0.0233,0.05958,0.02338,0.03477,0.03706,0.03479,8.506e-05,0.04453,0.006146,-2.955,0.07946,0.06906,0.0104,2.352,8.506,20.0061,array_X4_16x8_tr1_v0.75_t25_20260715_122735,7.1286,27.1347
7nm,hp,TT,0,0.75,85,16,8,4,1.0,8,1,0.03538,0.07044,0.03526,0.04401,0.05392,0.04401,0.001065,0.04361,0.005632,-2.956,0.08424,0.07258,0.01166,2.352,8.506,20.0061,array_X4_16x8_tr1_v0.75_t85_20260715_164813,7.1286,27.1347
7nm,hp,TT,-0.05,0.7,25,16,8,4,1.0,8,1,0.02024,0.05111,0.02032,0.02992,0.03164,0.02987,7.918e-05,0.04851,0.006569,-2.951,0.08278,0.0718,0.01098,2.352,8.506,20.0061,array_X4_16x8_tr1_v0.7_t25_20260715_164609,7.1286,27.1347
7nm,hp,TT,-0.05,0.7,85,16,8,4,1.0,8,1,0.03098,0.0607,0.03089,0.03792,0.04659,0.038,0.0009544,0.04672,0.005962,-2.953,0.08752,0.0751,0.01242,2.352,8.506,20.0061,array_X4_16x8_tr1_v0.7_t85_20260715_164748,7.1286,27.1347
7nm,hp,TT,0.1,0.85,25,16,8,4,1.0,8,1,0.03012,0.0793,0.03029,0.04632,0.04951,0.04622,0.0001244,0.0393,0.005487,-2.961,0.0748,0.06526,0.009542,2.352,8.506,20.0061,array_X4_16x8_tr1_v0.85_t25_20260715_164658,7.1286,27.1347
7nm,hp,TT,0.1,0.85,85,16,8,4,1.0,8,1,0.04532,0.09286,0.04502,0.05812,0.07037,0.05798,0.00132,0.03935,0.005105,-2.961,0.07982,0.06931,0.01051,2.352,8.506,20.0061,array_X4_16x8_tr1_v0.85_t85_20260715_164905,7.1286,27.1347
7nm,hp,TT,0.05,0.8,25,16,8,4,1.0,8,1,0.02657,0.06898,0.02671,0.04031,0.04299,0.04025,0.0001115,0.04155,0.005789,-2.958,0.07688,0.06695,0.009928,2.352,8.506,20.0061,array_X4_16x8_tr1_v0.8_t25_20260715_164633,7.1286,27.1347
7nm,hp,TT,0.05,0.8,85,16,8,4,1.0,8,1,0.04018,0.08118,0.03994,0.0507,0.0618,0.05069,0.001188,0.04122,0.005346,-2.959,0.08185,0.07081,0.01104,2.352,8.506,20.0061,array_X4_16x8_tr1_v0.8_t85_20260715_164838,7.1286,27.1347
7nm,hp,TT,0,0.75,25,16,16,4,1.0,16,1,0.04666,0.1192,0.04681,0.06961,0.07418,0.06964,0.0001695,0.04454,0.006146,-2.955,0.07946,0.06906,0.0104,4.704,8.506,40.0122,array_X4_16x16_tr1_v0.75_t25_20260715_123035,7.1286,47.1408
7nm,hp,TT,0,0.75,25,16,32,4,1.0,32,1,0.09341,0.2386,0.0937,0.1392,0.1484,0.1393,0.0003376,0.04472,0.006162,-2.955,0.07946,0.06907,0.0104,9.408,8.506,80.0244,array_X4_16x32_tr1_v0.75_t25_20260715_123410,7.1286,87.153
7nm,hp,TT,0,0.75,25,16,64,4,1.0,64,1,0.1869,0.4772,0.1876,0.2786,0.2969,0.2788,0.0006754,0.04472,0.006161,-2.955,0.07965,0.06928,0.01037,18.816,8.506,160.0489,array_X4_16x64_tr1_v0.75_t25_20260715_123848,7.1286,167.1775
7nm,hp,TT,0,0.75,25,32,4,4,1.0,4,1,0.01897,0.03709,0.01897,0.02491,0.02491,0.02497,8.432e-05,0.06143,0.008904,-2.939,0.1139,0.1045,0.009364,1.176,14.266,16.7768,array_X4_32x4_tr1_v0.75_t25_20260715_124518,18.3859,35.1627
7nm,hp,TT,0,0.75,25,32,8,4,1.0,8,1,0.03806,0.0743,0.03806,0.04993,0.04994,0.05005,0.0001658,0.06118,0.008879,-2.939,0.1139,0.1045,0.009364,2.352,14.266,33.5536,array_X4_32x8_tr1_v0.75_t25_20260715_124821,18.3859,51.9395
7nm,hp,TT,0,0.75,25,32,16,4,1.0,16,1,0.07624,0.1488,0.07623,0.09992,0.09999,0.1002,0.0003296,0.06144,0.008908,-2.939,0.1139,0.1045,0.009376,4.704,14.266,67.1073,array_X4_32x16_tr1_v0.75_t25_20260715_125149,18.3859,85.4932
7nm,hp,TT,0,0.75,25,32,32,4,1.0,32,1,0.1526,0.2977,0.1526,0.2,0.2001,0.2005,0.0006555,0.06144,0.008905,-2.939,0.1136,0.1042,0.009385,9.408,14.266,134.2145,array_X4_32x32_tr1_v0.75_t25_20260715_125623,18.3859,152.6004
7nm,hp,TT,0,0.75,25,32,64,4,1.0,64,1,0.3054,0.5955,0.3054,0.4001,0.4004,0.4011,0.001305,0.06144,0.008904,-2.939,0.1141,0.1047,0.009365,18.816,14.266,268.4291,array_X4_32x64_tr1_v0.75_t25_20260715_130400,18.3859,286.815
7nm,hp,TT,0,0.75,25,64,4,8,1.0,4,1,0.0347,0.05936,0.03447,0.041,0.04033,0.04076,0.0001664,0.09496,0.01485,-2.905,0.1045,0.09583,0.008695,1.176,27.514,32.3565,array_X8_64x4_tr1_v0.75_t25_20260715_131612,62.0928,94.4493
7nm,hp,TT,0,0.75,25,64,8,8,1.0,8,1,0.06965,0.1189,0.06915,0.08225,0.08089,0.08173,0.0003335,0.09495,0.01485,-2.905,0.1047,0.09601,0.008703,2.352,27.514,64.7129,array_X8_64x8_tr1_v0.75_t25_20260715_131958,62.0928,126.8057
7nm,hp,TT,0,0.75,25,64,16,8,0.5,8,1,0.1395,0.1887,0.1386,0.1646,0.162,0.2009,0.0006656,0.09433,0.01477,-2.906,0.1045,0.09583,0.008711,4.704,27.514,129.4259,array_X8_64x16_tr0.5_v0.75_t25_20260715_191038,62.0928,191.5187
7nm,hp,TT,-0.1,0.65,25,64,16,8,1.0,16,1,0.1046,0.1752,0.1036,0.12,0.1204,0.1202,0.0004676,0.114,0.01722,-2.886,0.1134,0.1037,0.009762,4.704,27.514,129.4259,array_X8_64x16_tr1_v0.65_t25_20260715_164932,62.0928,191.5187
7nm,hp,TT,0,0.75,25,64,16,8,1.0,16,1,0.1395,0.2381,0.1386,0.1646,0.162,0.1637,0.0006656,0.09434,0.01477,-2.906,0.1045,0.09584,0.008711,4.704,27.514,129.4259,array_X8_64x16_tr1_v0.75_t25_20260715_132441,62.0928,191.5187
7nm,hp,TT,0,0.75,85,64,16,8,1.0,16,1,0.2224,0.3024,0.2229,0.2275,0.25,0.2254,0.007873,0.09217,0.01281,-2.908,0.109,0.09953,0.009458,4.704,27.514,129.4259,array_X8_64x16_tr1_v0.75_t85_20260715_171125,62.0928,191.5187
7nm,hp,TT,-0.05,0.7,25,64,16,8,1.0,16,1,0.1213,0.2053,0.1204,0.1412,0.1405,0.141,0.0005598,0.1026,0.01585,-2.897,0.1084,0.09918,0.009173,4.704,27.514,129.4259,array_X8_64x16_tr1_v0.7_t25_20260715_165307,62.0928,191.5187
7nm,hp,TT,-0.05,0.7,85,64,16,8,1.0,16,1,0.1956,0.262,0.1961,0.1963,0.2187,0.1955,0.007031,0.09858,0.01355,-2.901,0.1135,0.1035,0.009966,4.704,27.514,129.4259,array_X8_64x16_tr1_v0.7_t85_20260715_170751,62.0928,191.5187
7nm,hp,TT,0.1,0.85,25,64,16,8,1.0,16,1,0.1801,0.3145,0.1791,0.2202,0.2107,0.2164,0.0009314,0.0837,0.0132,-2.916,0.09872,0.09068,0.008038,4.704,27.514,129.4259,array_X8_64x16_tr1_v0.85_t25_20260715_170035,62.0928,191.5187
7nm,hp,TT,0.1,0.85,85,64,16,8,1.0,16,1,0.2815,0.395,0.2828,0.3005,0.3199,0.2937,0.009744,0.08338,0.01168,-2.917,0.1041,0.09539,0.008669,4.704,27.514,129.4259,array_X8_64x16_tr1_v0.85_t85_20260715_171848,62.0928,191.5187
7nm,hp,TT,0.05,0.8,25,64,16,8,1.0,16,1,0.1595,0.2746,0.1581,0.1909,0.1853,0.1887,0.0007886,0.0883,0.0139,-2.912,0.1015,0.09315,0.008347,4.704,27.514,129.4259,array_X8_64x16_tr1_v0.8_t25_20260715_165652,62.0928,191.5187
7nm,hp,TT,0.05,0.8,85,64,16,8,1.0,16,1,0.2508,0.3466,0.2519,0.2622,0.2835,0.258,0.008771,0.08725,0.0122,-2.913,0.1063,0.0973,0.009028,4.704,27.514,129.4259,array_X8_64x16_tr1_v0.8_t85_20260715_171514,62.0928,191.5187
7nm,hp,TT,0,0.75,25,64,32,8,1.0,32,1,0.2793,0.4765,0.2774,0.3293,0.3243,0.3274,0.001335,0.09494,0.01485,-2.905,0.1042,0.09552,0.008699,9.408,27.514,258.8517,array_X8_64x32_tr1_v0.75_t25_20260715_133154,62.0928,320.9445
7nm,hp,TT,0,0.75,25,64,64,8,1.0,64,1,0.5594,0.9538,0.5552,0.6596,0.6493,0.655,0.002639,0.09435,0.01477,-2.906,0.1044,0.09563,0.008727,18.816,27.514,517.7034,array_X8_64x64_tr1_v0.75_t25_20260715_134445,62.0928,579.7962
7nm,hp,TT,0,0.75,25,128,4,16,1.0,4,1,0.06608,0.1043,0.06542,0.07338,0.07165,0.07252,0.0003264,0.1565,0.02701,-2.843,0.1131,0.1047,0.008441,1.176,54.01,63.5158,array_X16_128x4_tr1_v0.75_t25_20260715_135413,218.4538,281.9696
7nm,hp,TT,0,0.75,25,128,8,16,1.0,8,1,0.1326,0.209,0.1313,0.1472,0.1437,0.1455,0.0006534,0.1567,0.02712,-2.843,0.1128,0.1044,0.008442,2.352,54.01,127.0315,array_X16_128x8_tr1_v0.75_t25_20260715_135928,218.4538,345.4853
7nm,hp,TT,0,0.75,25,128,16,16,1.0,16,1,0.2658,0.4184,0.2631,0.2947,0.2879,0.2914,0.001306,0.1559,0.02699,-2.844,0.1128,0.1044,0.008451,4.704,54.01,254.063,array_X16_128x16_tr1_v0.75_t25_20260715_140653,218.4538,472.5168
7nm,hp,TT,0,0.75,25,128,32,16,1.0,32,1,0.5323,0.8361,0.527,0.5896,0.5767,0.5828,0.00262,0.1566,0.02712,-2.843,0.1133,0.1049,0.008453,9.408,54.01,508.1261,array_X16_128x32_tr1_v0.75_t25_20260715_142033,218.4538,726.5799
7nm,hp,TT,0,0.75,25,128,64,16,1.0,64,1,1.057,1.68,1.047,1.189,1.058,1.174,0.005241,0.1568,0.02745,-2.843,0.1129,0.1045,0.008448,18.816,54.01,1016.2522,array_X16_128x64_tr1_v0.75_t25_20260715_143305,218.4538,1234.706
7nm,hp,TT,0,0.75,25,256,4,32,1.0,4,1,0.1285,0.1938,0.1272,0.1384,0.1341,0.1357,0.0006513,0.2634,0.05242,-2.737,0.1884,0.1801,0.00829,1.176,107.002,125.8344,array_X32_256x4_tr1_v0.75_t25_20260715_144936,918.4896,1044.324
7nm,hp,TT,0,0.75,25,256,8,32,1.0,8,1,0.258,0.3884,0.2553,0.2776,0.2692,0.2722,0.001303,0.2634,0.05243,-2.737,0.1884,0.1801,0.00829,2.352,107.002,251.6687,array_X32_256x8_tr1_v0.75_t25_20260715_145939,918.4896,1170.1583
7nm,hp,TT,0,0.75,25,256,16,32,1.0,16,1,0.5174,0.7765,0.5121,0.5563,0.5398,0.5451,0.002611,0.2621,0.0522,-2.738,0.1886,0.1802,0.008308,4.704,107.002,503.3374,array_X32_256x16_tr1_v0.75_t25_20260715_151356,918.4896,1421.827
7nm,hp,TT,0,0.75,25,256,32,32,0.5,16,1,1.028,1.294,1.017,1.121,1.029,1.33,0.005222,0.2639,0.05318,-2.736,0.1897,0.1814,0.008296,9.408,107.002,1006.6748,array_X32_256x32_tr0.5_v0.75_t25_20260715_191340,918.4896,1925.1644
7nm,hp,TT,-0.1,0.65,25,256,32,32,1.0,32,1,0.7713,1.155,0.7615,0.8137,0.771,0.8111,0.003729,0.3187,0.06167,-2.681,0.1946,0.1853,0.009273,9.408,107.002,1006.6748,array_X32_256x32_tr1_v0.65_t25_20260715_172217,918.4896,1925.1644
7nm,hp,TT,-0.1,0.65,85,256,32,32,1.0,32,1,1.219,1.596,1.205,1.264,1.218,1.248,0.04949,0.3022,0.06057,-2.698,0.1969,0.1868,0.01002,9.408,107.002,1006.6748,array_X32_256x32_tr1_v0.65_t85_20260715_181022,918.4896,1925.1644
7nm,hp,TT,0,0.75,25,256,32,32,1.0,32,1,1.028,1.561,1.017,1.121,1.029,1.099,0.005222,0.2639,0.05319,-2.736,0.1892,0.1809,0.008301,9.408,107.002,1006.6748,array_X32_256x32_tr1_v0.75_t25_20260715_152927,918.4896,1925.1644
7nm,hp,TT,0,0.75,85,256,32,32,1.0,32,1,1.586,2.121,1.572,1.7,1.586,1.65,0.06225,0.2591,0.05324,-2.741,0.1926,0.1837,0.008945,9.408,107.002,1006.6748,array_X32_256x32_tr1_v0.75_t85_20260715_183418,918.4896,1925.1644
7nm,hp,TT,-0.05,0.7,25,256,32,32,1.0,32,1,0.8948,1.35,0.8843,0.958,0.8951,0.948,0.004412,0.2868,0.05687,-2.713,0.1912,0.1825,0.00873,9.408,107.002,1006.6748,array_X32_256x32_tr1_v0.7_t25_20260715_173352,918.4896,1925.1644
7nm,hp,TT,-0.05,0.7,85,256,32,32,1.0,32,1,1.396,1.847,1.382,1.47,1.395,1.44,0.05564,0.2776,0.05645,-2.722,0.1947,0.1853,0.009424,9.408,107.002,1006.6748,array_X32_256x32_tr1_v0.7_t85_20260715_182212,918.4896,1925.1644
7nm,hp,TT,0.1,0.85,25,256,32,32,1.0,32,1,1.327,2.048,1.314,1.508,1.327,1.444,0.007316,0.2342,0.04797,-2.766,0.1864,0.1788,0.007669,9.408,107.002,1006.6748,array_X32_256x32_tr1_v0.85_t25_20260715_175733,918.4896,1925.1644
7nm,hp,TT,0.1,0.85,85,256,32,32,1.0,32,1,2.01,2.745,1.999,2.241,2.01,2.128,0.07707,0.234,0.04857,-2.766,0.1905,0.1823,0.008233,9.408,107.002,1006.6748,array_X32_256x32_tr1_v0.85_t85_20260715_185814,918.4896,1925.1644
7nm,hp,TT,0.05,0.8,25,256,32,32,1.0,32,1,1.172,1.794,1.161,1.303,1.173,1.263,0.006181,0.247,0.05032,-2.753,0.1872,0.1793,0.007957,9.408,107.002,1006.6748,array_X32_256x32_tr1_v0.8_t25_20260715_174539,918.4896,1925.1644
7nm,hp,TT,0.05,0.8,85,256,32,32,1.0,32,1,1.791,2.418,1.777,1.957,1.791,1.879,0.06938,0.245,0.05066,-2.755,0.1922,0.1837,0.008563,9.408,107.002,1006.6748,array_X32_256x32_tr1_v0.8_t85_20260715_184612,918.4896,1925.1644
7nm,hp,TT,0,0.75,25,512,4,64,1.0,4,1,0.2527,0.3737,0.2472,0.2662,0.2583,0.2628,0.001302,0.4177,0.107,-2.582,0.5187,0.5104,0.008274,1.176,212.986,250.4715,array_X64_512x4_tr1_v0.75_t25_20260715_154757,3179.1191,3429.5906
7nm,hp,TT,0,0.75,25,512,8,64,1.0,8,1,0.5076,0.7482,0.4963,0.5339,0.5189,0.5272,0.002606,0.4177,0.107,-2.582,0.5184,0.5101,0.008287,2.352,212.986,500.9431,array_X64_512x8_tr1_v0.75_t25_20260715_160401,3179.1191,3680.0622
7nm,hp,TT,0,0.75,25,512,16,64,1.0,16,1,1.009,1.506,0.9869,1.077,1.01,1.064,0.005212,0.419,0.109,-2.581,0.5212,0.5129,0.00828,4.704,212.986,1001.8861,array_X64_512x16_tr1_v0.75_t25_20260715_162323,3179.1191,4181.0052
10nm,hp,TT,0,0.8,25,8,4,2,1.0,4,1,0.009778,0.03024,0.009884,0.01669,0.01977,0.01657,3.359e-05,0.0413,0.00526,-2.959,0.07356,0.05987,0.01368,1.456,6.187,9.0083,array_X2_8x4_tr1_v0.8_t25_20260715_120851,6.7891,15.7974
10nm,hp,TT,0,0.8,25,8,8,2,1.0,8,1,0.01961,0.06054,0.01982,0.03343,0.03958,0.03319,6.742e-05,0.0413,0.00526,-2.959,0.07356,0.05988,0.01368,2.912,6.187,18.0165,array_X2_8x8_tr1_v0.8_t25_20260715_121116,6.7891,24.8056
10nm,hp,TT,0,0.8,25,8,16,2,1.0,16,1,0.03925,0.1211,0.03971,0.0669,0.07922,0.06642,0.000135,0.04117,0.005252,-2.959,0.07354,0.05988,0.01365,5.824,6.187,36.0331,array_X2_8x16_tr1_v0.8_t25_20260715_121352,6.7891,42.8222
10nm,hp,TT,0,0.8,25,8,32,2,1.0,32,1,0.07866,0.2425,0.07947,0.1337,0.1585,0.1329,0.0002664,0.04124,0.005267,-2.959,0.07356,0.05992,0.01365,11.648,6.187,72.0662,array_X2_8x32_tr1_v0.8_t25_20260715_121646,6.7891,78.8553
10nm,hp,TT,0,0.8,25,8,64,2,1.0,64,1,0.1572,0.4848,0.159,0.2679,0.317,0.2659,0.0004796,0.04129,0.005258,-2.959,0.0737,0.06006,0.01363,23.296,6.187,144.1324,array_X2_8x64_tr1_v0.8_t25_20260715_122011,6.7891,150.9215
10nm,hp,TT,0,0.8,25,16,4,2,1.0,4,1,0.01467,0.03492,0.01472,0.02179,0.02337,0.02178,5.423e-05,0.05275,0.007067,-2.947,0.09484,0.08279,0.01204,1.456,10.027,14.5993,array_X2_16x4_tr1_v0.8_t25_20260715_122431,11.6122,26.2115
10nm,hp,TT,0,0.8,25,16,8,2,0.5,4,1,0.02942,0.04967,0.02952,0.04367,0.0468,0.0568,0.0001084,0.05275,0.007068,-2.947,0.09485,0.0828,0.01205,2.912,10.027,29.1986,array_X2_16x8_tr0.5_v0.8_t25_20260715_191951,11.6122,40.8108
10nm,hp,TT,-0.05,0.75,25,16,8,2,1.0,8,1,0.02586,0.06051,0.02587,0.03785,0.04037,0.03783,0.0001001,0.05656,0.007511,-2.943,0.09833,0.08568,0.01265,2.912,10.027,29.1986,array_X2_16x8_tr1_v0.75_t25_20260715_164730,11.6122,40.8108
10nm,hp,TT,-0.05,0.75,85,16,8,2,1.0,8,1,0.04058,0.07271,0.04035,0.0489,0.05918,0.04899,0.001291,0.05308,0.006409,-2.947,0.09993,0.08753,0.0124,2.912,10.027,29.1986,array_X2_16x8_tr1_v0.75_t85_20260715_164910,11.6122,40.8108
10nm,hp,TT,-0.1,0.7,25,16,8,2,1.0,8,1,0.02245,0.05186,0.02253,0.03246,0.03447,0.03249,7.965e-05,0.06163,0.00804,-2.938,0.1029,0.08944,0.01341,2.912,10.027,29.1986,array_X2_16x8_tr1_v0.7_t25_20260715_164704,11.6122,40.8108
10nm,hp,TT,-0.1,0.7,85,16,8,2,1.0,8,1,0.03547,0.06265,0.03538,0.04218,0.05115,0.0423,0.001154,0.05686,0.006808,-2.943,0.1042,0.09099,0.01319,2.912,10.027,29.1986,array_X2_16x8_tr1_v0.7_t85_20260715_164845,11.6122,40.8108
10nm,hp,TT,0.05,0.85,25,16,8,2,1.0,8,1,0.03329,0.08033,0.03343,0.05016,0.05378,0.05012,0.0001263,0.04981,0.0067,-2.95,0.09211,0.08057,0.01153,2.912,10.027,29.1986,array_X2_16x8_tr1_v0.85_t25_20260715_164754,11.6122,40.8108
10nm,hp,TT,0.05,0.85,85,16,8,2,1.0,8,1,0.05205,0.09578,0.05169,0.06455,0.07723,0.06439,0.001609,0.04789,0.005805,-2.952,0.09476,0.08356,0.0112,2.912,10.027,29.1986,array_X2_16x8_tr1_v0.85_t85_20260715_164959,11.6122,40.8108
10nm,hp,TT,0,0.8,25,16,8,2,1.0,8,1,0.02942,0.06995,0.02952,0.04366,0.0468,0.04366,0.0001084,0.05275,0.007068,-2.947,0.09485,0.0828,0.01205,2.912,10.027,29.1986,array_X2_16x8_tr1_v0.8_t25_20260715_122715,11.6122,40.8108
10nm,hp,TT,0,0.8,85,16,8,2,1.0,8,1,0.04611,0.08372,0.04581,0.05635,0.06789,0.05631,0.001445,0.05015,0.006088,-2.95,0.09714,0.08539,0.01175,2.912,10.027,29.1986,array_X2_16x8_tr1_v0.8_t85_20260715_164933,11.6122,40.8108
10nm,hp,TT,0.1,0.9,25,16,8,2,1.0,8,1,0.03744,0.09158,0.03763,0.05733,0.06129,0.05716,0.0001596,0.04751,0.006386,-2.952,0.09005,0.07896,0.01109,2.912,10.027,29.1986,array_X2_16x8_tr1_v0.9_t25_20260715_164819,11.6122,40.8108
10nm,hp,TT,0.1,0.9,85,16,8,2,1.0,8,1,0.05853,0.1088,0.05808,0.07357,0.08739,0.07318,0.001785,0.04604,0.005568,-2.954,0.09285,0.08213,0.01073,2.912,10.027,29.1986,array_X2_16x8_tr1_v0.9_t85_20260715_165026,11.6122,40.8108
10nm,hp,TT,0,0.8,25,16,16,2,1.0,16,1,0.05892,0.14,0.05909,0.08742,0.09368,0.08741,0.000217,0.05259,0.007058,-2.947,0.09484,0.08281,0.01203,5.824,10.027,58.3972,array_X2_16x16_tr1_v0.8_t25_20260715_123006,11.6122,70.0094
10nm,hp,TT,0,0.8,25,16,32,2,1.0,32,1,0.118,0.2801,0.1183,0.1749,0.1874,0.1749,0.0004344,0.05275,0.007065,-2.947,0.09483,0.08281,0.01203,11.648,10.027,116.7945,array_X2_16x32_tr1_v0.8_t25_20260715_123334,11.6122,128.4067
10nm,hp,TT,0,0.8,25,16,64,2,1.0,64,1,0.2359,0.5604,0.2367,0.3499,0.3749,0.3499,0.0008684,0.05273,0.007068,-2.947,0.09507,0.08306,0.01201,23.296,10.027,233.589,array_X2_16x64_tr1_v0.8_t25_20260715_123805,11.6122,245.2012
10nm,hp,TT,0,0.8,25,32,4,4,1.0,4,1,0.02561,0.05146,0.02527,0.03301,0.0327,0.03278,0.0001098,0.0762,0.01101,-2.924,0.08076,0.07026,0.0105,1.456,18.874,27.4805,array_X4_32x4_tr1_v0.8_t25_20260715_124424,27.648,55.1285
10nm,hp,TT,0,0.8,25,32,8,4,1.0,8,1,0.05135,0.1031,0.05068,0.06619,0.06555,0.06571,0.00022,0.07621,0.01101,-2.924,0.08057,0.07007,0.0105,2.912,18.874,54.9611,array_X4_32x8_tr1_v0.8_t25_20260715_124725,27.648,82.6091
10nm,hp,TT,0,0.8,25,32,16,4,1.0,16,1,0.1028,0.2065,0.1015,0.1326,0.1312,0.1316,0.0004402,0.07622,0.01101,-2.924,0.0806,0.07008,0.01052,5.824,18.874,109.9222,array_X4_32x16_tr1_v0.8_t25_20260715_125101,27.648,137.5702
10nm,hp,TT,0,0.8,25,32,32,4,1.0,32,1,0.2058,0.4131,0.2032,0.2652,0.2626,0.2633,0.0008807,0.07596,0.01099,-2.924,0.0806,0.07008,0.01052,11.648,18.874,219.8444,array_X4_32x32_tr1_v0.8_t25_20260715_125537,27.648,247.4924
10nm,hp,TT,0,0.8,25,32,64,4,1.0,64,1,0.4118,0.8264,0.4065,0.5306,0.5254,0.5268,0.001762,0.07621,0.01102,-2.924,0.08077,0.07026,0.01051,23.296,18.874,439.6887,array_X4_32x64_tr1_v0.8_t25_20260715_130303,27.648,467.3367
10nm,hp,TT,0,0.8,25,64,4,8,1.0,4,1,0.04719,0.08524,0.04639,0.05553,0.05408,0.05481,0.0002193,0.1199,0.01905,-2.88,0.07962,0.06972,0.0099,1.456,36.568,53.243,array_X8_64x4_tr1_v0.8_t25_20260715_131413,97.321,150.564
10nm,hp,TT,0,0.8,25,64,8,8,1.0,8,1,0.09464,0.1709,0.09303,0.1114,0.1084,0.1099,0.0004399,0.1199,0.01905,-2.88,0.07972,0.06982,0.009901,2.912,36.568,106.486,array_X8_64x8_tr1_v0.8_t25_20260715_131751,97.321,203.807
10nm,hp,TT,0,0.8,25,64,16,8,0.5,8,1,0.1895,0.2656,0.1863,0.223,0.2171,0.2812,0.0008801,0.1199,0.01906,-2.88,0.07974,0.06984,0.0099,5.824,36.568,212.972,array_X8_64x16_tr0.5_v0.8_t25_20260715_192009,97.321,310.293
10nm,hp,TT,-0.05,0.75,25,64,16,8,1.0,16,1,0.1662,0.2979,0.1634,0.1925,0.1901,0.1915,0.0007389,0.1283,0.02023,-2.872,0.08199,0.07163,0.01036,5.824,36.568,212.972,array_X8_64x16_tr1_v0.75_t25_20260715_165436,97.321,310.293
10nm,hp,TT,-0.05,0.75,85,64,16,8,1.0,16,1,0.2705,0.3763,0.2698,0.2722,0.2975,0.2677,0.009937,0.1194,0.01622,-2.881,0.08338,0.0733,0.01007,5.824,36.568,212.972,array_X8_64x16_tr1_v0.75_t85_20260715_170935,97.321,310.293
10nm,hp,TT,-0.1,0.7,25,64,16,8,1.0,16,1,0.145,0.2571,0.1421,0.1652,0.1647,0.1654,0.0006444,0.1395,0.0217,-2.861,0.08499,0.07406,0.01093,5.824,36.568,212.972,array_X8_64x16_tr1_v0.7_t25_20260715_165052,97.321,310.293
10nm,hp,TT,0.05,0.85,25,64,16,8,1.0,16,1,0.2142,0.3908,0.2108,0.2568,0.2458,0.2517,0.0009937,0.1135,0.01809,-2.887,0.07774,0.06822,0.009519,5.824,36.568,212.972,array_X8_64x16_tr1_v0.85_t25_20260715_165816,97.321,310.293
10nm,hp,TT,0.05,0.85,85,64,16,8,1.0,16,1,0.3432,0.4896,0.3431,0.3591,0.38,0.3471,0.01235,0.1081,0.0148,-2.892,0.07942,0.07018,0.009242,5.824,36.568,212.972,array_X8_64x16_tr1_v0.85_t85_20260715_171646,97.321,310.293
10nm,hp,TT,0,0.8,25,64,16,8,1.0,16,1,0.1895,0.3421,0.1863,0.2231,0.2171,0.2201,0.0008801,0.1199,0.01905,-2.88,0.07973,0.06983,0.0099,5.824,36.568,212.972,array_X8_64x16_tr1_v0.8_t25_20260715_132237,97.321,310.293
10nm,hp,TT,0,0.8,85,64,16,8,1.0,16,1,0.3057,0.4306,0.3049,0.3134,0.3373,0.3056,0.0111,0.1131,0.01545,-2.887,0.08143,0.0718,0.009623,5.824,36.568,212.972,array_X8_64x16_tr1_v0.8_t85_20260715_171315,97.321,310.293
10nm,hp,TT,0.1,0.9,25,64,16,8,1.0,16,1,0.2405,0.443,0.2371,0.2944,0.2769,0.2853,0.001158,0.1084,0.01729,-2.892,0.07628,0.06709,0.009192,5.824,36.568,212.972,array_X8_64x16_tr1_v0.9_t25_20260715_170209,97.321,310.293
10nm,hp,TT,0.1,0.9,85,64,16,8,1.0,16,1,0.3836,0.5534,0.3839,0.4096,0.4257,0.3917,0.01368,0.1041,0.01424,-2.896,0.07836,0.06945,0.008915,5.824,36.568,212.972,array_X8_64x16_tr1_v0.9_t85_20260715_172018,97.321,310.293
10nm,hp,TT,0,0.8,25,64,32,8,1.0,32,1,0.3793,0.6846,0.3729,0.4464,0.4345,0.4405,0.00176,0.1199,0.01905,-2.88,0.07974,0.06984,0.0099,11.648,36.568,425.9441,array_X8_64x32_tr1_v0.8_t25_20260715_132946,97.321,523.2651
10nm,hp,TT,0,0.8,25,64,64,8,1.0,64,1,0.7584,1.37,0.7462,0.8937,0.8683,0.8818,0.003461,0.1199,0.01905,-2.88,0.0796,0.06968,0.009915,23.296,36.568,851.8881,array_X8_64x64_tr1_v0.8_t25_20260715_134338,97.321,949.2091
10nm,hp,TT,0,0.8,25,128,4,16,1.0,4,1,0.09006,0.1529,0.08847,0.1009,0.09684,0.09872,0.0004297,0.1989,0.03578,-2.801,0.1098,0.1002,0.00964,1.456,71.956,104.7679,array_X16_128x4_tr1_v0.8_t25_20260715_135250,334.9709,439.7388
10nm,hp,TT,0,0.8,25,128,8,16,1.0,8,1,0.1806,0.3065,0.1774,0.2023,0.1941,0.198,0.0008586,0.1989,0.03587,-2.801,0.1096,0.1,0.009639,2.912,71.956,209.5359,array_X16_128x8_tr1_v0.8_t25_20260715_135758,346.5216,556.0575
10nm,hp,TT,0,0.8,25,128,16,16,1.0,16,1,0.3617,0.6137,0.3553,0.4053,0.3888,0.3965,0.001718,0.199,0.03588,-2.801,0.1095,0.09988,0.009641,5.824,71.956,419.0717,array_X16_128x16_tr1_v0.8_t25_20260715_140531,340.7462,759.8179
10nm,hp,TT,0,0.8,25,128,32,16,1.0,32,1,0.7245,1.228,0.7115,0.8111,0.7784,0.7936,0.003437,0.1989,0.03585,-2.801,0.1103,0.1006,0.00965,11.648,71.956,838.1435,array_X16_128x32_tr1_v0.8_t25_20260715_141929,346.5216,1184.6651
10nm,hp,TT,0,0.8,25,128,64,16,1.0,64,1,1.439,2.464,1.412,1.634,1.441,1.598,0.006873,0.1983,0.03619,-2.802,0.109,0.09931,0.009659,23.296,71.956,1676.287,array_X16_128x64_tr1_v0.8_t25_20260715_143204,346.5216,2022.8086
10nm,hp,TT,0,0.8,25,256,4,32,1.0,4,1,0.1755,0.2885,0.1725,0.1921,0.1823,0.1867,0.000856,0.3293,0.07165,-2.671,0.2593,0.2498,0.009519,1.456,142.732,207.8178,array_X32_256x4_tr1_v0.8_t25_20260715_144926,1462.7635,1670.5813
10nm,hp,TT,0,0.8,25,256,8,32,1.0,8,1,0.352,0.5784,0.346,0.3854,0.3656,0.3745,0.001711,0.3294,0.07166,-2.671,0.2594,0.2499,0.00952,2.912,142.732,415.6356,array_X32_256x8_tr1_v0.8_t25_20260715_145956,1474.1914,1889.827
10nm,hp,TT,0,0.8,25,256,16,32,1.0,16,1,0.7047,1.158,0.6933,0.7718,0.7318,0.7506,0.003424,0.3294,0.0717,-2.671,0.261,0.2515,0.009516,5.824,142.732,831.2712,array_X32_256x16_tr1_v0.8_t25_20260715_151527,1474.1914,2305.4626
10nm,hp,TT,0,0.8,25,256,32,32,0.5,16,1,1.395,1.861,1.372,1.561,1.395,1.924,0.006849,0.3301,0.07327,-2.67,0.2608,0.2513,0.009524,11.648,142.732,1662.5423,array_X32_256x32_tr0.5_v0.8_t25_20260715_192323,1485.6192,3148.1615
10nm,hp,TT,-0.05,0.75,25,256,32,32,1.0,32,1,1.226,2.031,1.204,1.344,1.226,1.321,0.005917,0.3547,0.0774,-2.645,0.2616,0.2516,0.009976,11.648,142.732,1662.5423,array_X32_256x32_tr1_v0.75_t25_20260715_173609,1485.6192,3148.1615
10nm,hp,TT,-0.05,0.75,85,256,32,32,1.0,32,1,1.876,2.784,1.847,2.123,1.876,2.063,0.07855,0.3329,0.07936,-2.667,0.2636,0.2539,0.009686,11.648,142.732,1662.5423,array_X32_256x32_tr1_v0.75_t85_20260715_182804,1485.6192,3148.1615
10nm,hp,TT,-0.1,0.7,25,256,32,32,1.0,32,1,1.067,1.757,1.047,1.15,1.067,1.142,0.005102,0.3869,0.08262,-2.613,0.2627,0.2522,0.01051,11.648,142.732,1662.5423,array_X32_256x32_tr1_v0.7_t25_20260715_172348,1485.6192,3148.1615
10nm,hp,TT,-0.1,0.7,85,256,32,32,1.0,32,1,1.648,2.425,1.621,1.835,1.649,1.801,0.06999,0.3571,0.08434,-2.643,0.2637,0.2534,0.01021,11.648,142.732,1662.5423,array_X32_256x32_tr1_v0.7_t85_20260715_181530,1485.6192,3148.1615
10nm,hp,TT,0.05,0.85,25,256,32,32,1.0,32,1,1.576,2.654,1.552,1.802,1.577,1.73,0.007916,0.3116,0.06998,-2.688,0.2596,0.2504,0.00916,11.648,142.732,1662.5423,array_X32_256x32_tr1_v0.85_t25_20260715_174905,1485.6192,3148.1615
10nm,hp,TT,0.05,0.85,85,256,32,32,1.0,32,1,2.382,3.602,2.354,2.795,2.383,2.657,0.09766,0.2998,0.07231,-2.7,0.2603,0.2514,0.00891,11.648,142.732,1662.5423,array_X32_256x32_tr1_v0.85_t85_20260715_185326,1485.6192,3148.1615
10nm,hp,TT,0,0.8,25,256,32,32,1.0,32,1,1.395,2.329,1.372,1.561,1.395,1.516,0.006849,0.3304,0.0733,-2.67,0.2611,0.2516,0.009531,11.648,142.732,1662.5423,array_X32_256x32_tr1_v0.8_t25_20260715_153153,1485.6192,3148.1615
10nm,hp,TT,0,0.8,85,256,32,32,1.0,32,1,2.121,3.176,2.091,2.442,2.121,2.348,0.08776,0.3141,0.07553,-2.686,0.2633,0.2541,0.009266,11.648,142.732,1662.5423,array_X32_256x32_tr1_v0.8_t85_20260715_184038,1485.6192,3148.1615
10nm,hp,TT,0.1,0.9,25,256,32,32,1.0,32,1,1.769,3.007,1.745,2.07,1.771,1.96,0.009135,0.2968,0.06724,-2.703,0.2597,0.2508,0.008861,11.648,142.732,1662.5423,array_X32_256x32_tr1_v0.9_t25_20260715_180203,1485.6192,3148.1615
10nm,hp,TT,0.1,0.9,85,256,32,32,1.0,32,1,2.66,4.062,2.637,3.186,2.66,2.991,0.1083,0.2885,0.06973,-2.712,0.2602,0.2516,0.008608,11.648,142.732,1662.5423,array_X32_256x32_tr1_v0.9_t85_20260715_190626,1485.6192,3148.1615
10nm,hp,TT,0,0.8,25,512,4,64,1.0,4,1,0.3401,0.5621,0.3195,0.3556,0.3471,0.3603,0.001709,0.47,0.1338,-2.53,0.8575,0.8478,0.009697,1.456,284.284,413.9175,array_X64_512x4_tr1_v0.8_t25_20260715_155013,5053.5014,5467.4189
10nm,hp,TT,0,0.8,25,512,8,64,1.0,8,1,0.6819,1.125,0.6406,0.7128,0.6961,0.7225,0.003418,0.4701,0.1337,-2.53,0.8562,0.8465,0.009706,2.912,284.284,827.835,array_X64_512x8_tr1_v0.8_t25_20260715_160645,5076.265,5904.1
10nm,hp,TT,0,0.8,25,512,16,64,1.0,16,1,1.351,2.266,1.268,1.441,1.352,1.462,0.006836,0.4727,0.1384,-2.527,0.8573,0.8476,0.009712,5.824,284.284,1655.67,array_X64_512x16_tr1_v0.8_t25_20260715_162441,5121.792,6777.462
16nm,hp,TT,0,0.85,25,8,4,4,1.0,4,1,0.01388,0.04459,0.01396,0.02325,0.02766,0.02325,2.987e-05,0.07585,0.008517,-2.924,0.138,0.1132,0.02484,1.977,9.581,18.9416,array_X4_8x4_tr1_v0.85_t25_20260715_120852,14.8055,33.7471
16nm,hp,TT,0,0.85,25,8,8,4,1.0,8,1,0.02784,0.08932,0.02799,0.0466,0.05537,0.04661,5.928e-05,0.07593,0.008527,-2.924,0.1381,0.1132,0.0249,3.953,9.581,37.8737,array_X4_8x8_tr1_v0.85_t25_20260715_121119,14.8055,52.6792
16nm,hp,TT,0,0.85,25,8,16,4,1.0,16,1,0.05577,0.1788,0.05607,0.0933,0.1108,0.09332,0.0001185,0.07594,0.008528,-2.924,0.1381,0.1132,0.0249,7.905,9.581,75.7378,array_X4_8x16_tr1_v0.85_t25_20260715_121358,14.8055,90.5433
16nm,hp,TT,0,0.85,25,8,32,4,1.0,32,1,0.1116,0.3578,0.1122,0.1867,0.2217,0.1867,0.0002375,0.07594,0.008524,-2.924,0.1381,0.1132,0.02491,15.809,9.581,151.466,array_X4_8x32_tr1_v0.85_t25_20260715_121653,14.8055,166.2715
16nm,hp,TT,0,0.85,25,8,64,4,1.0,64,1,0.2233,0.7157,0.2245,0.3735,0.4434,0.3736,0.0004788,0.07593,0.008524,-2.924,0.1382,0.1133,0.02484,31.617,9.581,302.9225,array_X4_8x64_tr1_v0.85_t25_20260715_122026,14.8055,317.728
16nm,hp,TT,0,0.85,25,16,4,4,1.0,4,1,0.02077,0.05136,0.0208,0.03084,0.03253,0.03084,5.758e-05,0.09858,0.01208,-2.901,0.1792,0.1575,0.02173,1.977,14.701,29.0639,array_X4_16x4_tr1_v0.85_t25_20260715_122509,24.2611,53.325
16nm,hp,TT,0,0.85,25,16,8,4,0.5,4,1,0.04166,0.07222,0.04171,0.0618,0.06516,0.08235,0.0001156,0.09846,0.01207,-2.902,0.1787,0.1571,0.02164,3.953,14.701,58.1131,array_X4_16x8_tr0.5_v0.85_t25_20260715_193618,24.2611,82.3742
16nm,hp,TT,-0.1,0.75,25,16,8,4,1.0,8,1,0.0323,0.07801,0.03243,0.04662,0.04927,0.04667,8.946e-05,0.1111,0.01348,-2.889,0.192,0.1679,0.0241,3.953,14.701,58.1131,array_X4_16x8_tr1_v0.75_t25_20260715_165402,24.2611,82.3742
16nm,hp,TT,-0.1,0.75,85,16,8,4,1.0,8,1,0.04595,0.09013,0.04599,0.05827,0.06745,0.05818,0.001233,0.1035,0.01151,-2.897,0.193,0.1706,0.02234,3.953,14.701,58.1131,array_X4_16x8_tr1_v0.75_t85_20260715_165604,24.2611,82.3742
16nm,hp,TT,0,0.85,25,16,8,4,1.0,8,1,0.04166,0.1029,0.04171,0.0618,0.06516,0.06181,0.0001156,0.09846,0.01207,-2.902,0.1791,0.1575,0.02163,3.953,14.701,58.1131,array_X4_16x8_tr1_v0.85_t25_20260715_122756,24.2611,82.3742
16nm,hp,TT,0,0.85,85,16,8,4,1.0,8,1,0.05889,0.1182,0.05903,0.07716,0.08795,0.0766,0.00154,0.09359,0.01042,-2.906,0.1815,0.1618,0.01978,3.953,14.701,58.1131,array_X4_16x8_tr1_v0.85_t85_20260715_165659,24.2611,82.3742
16nm,hp,TT,-0.05,0.8,25,16,8,4,1.0,8,1,0.0368,0.08996,0.03688,0.05386,0.05694,0.05396,0.0001001,0.104,0.01271,-2.896,0.1846,0.1618,0.02277,3.953,14.701,58.1131,array_X4_16x8_tr1_v0.8_t25_20260715_165433,24.2611,82.3742
16nm,hp,TT,-0.05,0.8,85,16,8,4,1.0,8,1,0.05217,0.1036,0.05226,0.06726,0.07736,0.06698,0.001384,0.09802,0.01091,-2.902,0.1863,0.1653,0.02094,3.953,14.701,58.1131,array_X4_16x8_tr1_v0.8_t85_20260715_165630,24.2611,82.3742
16nm,hp,TT,0.1,0.95,25,16,8,4,1.0,8,1,0.0521,0.1318,0.05241,0.07994,0.0834,0.07977,0.000144,0.09039,0.01106,-2.91,0.1703,0.1506,0.01974,3.953,14.701,58.1131,array_X4_16x8_tr1_v0.95_t25_20260715_165531,24.2611,82.3742
16nm,hp,TT,0.1,0.95,85,16,8,4,1.0,8,1,0.07428,0.1513,0.07474,0.1004,0.1118,0.0989,0.001941,0.08699,0.009627,-2.913,0.1738,0.156,0.01782,3.953,14.701,58.1131,array_X4_16x8_tr1_v0.95_t85_20260715_165758,24.2611,82.3742
16nm,hp,TT,0.05,0.9,25,16,8,4,1.0,8,1,0.04677,0.1168,0.04685,0.07044,0.07396,0.07043,0.0001288,0.09402,0.01153,-2.906,0.1745,0.1538,0.02066,3.953,14.701,58.1131,array_X4_16x8_tr1_v0.9_t25_20260715_165459,24.2611,82.3742
16nm,hp,TT,0.05,0.9,85,16,8,4,1.0,8,1,0.06621,0.134,0.06644,0.08805,0.09933,0.0871,0.001714,0.09,0.009997,-2.91,0.1774,0.1587,0.01876,3.953,14.701,58.1131,array_X4_16x8_tr1_v0.9_t85_20260715_165728,24.2611,82.3742
16nm,hp,TT,0,0.85,25,16,16,4,1.0,16,1,0.08343,0.2061,0.08354,0.1238,0.1304,0.1238,0.0002316,0.09846,0.01207,-2.902,0.1791,0.1575,0.02164,7.905,14.701,116.2114,array_X4_16x16_tr1_v0.85_t25_20260715_123054,24.2611,140.4725
16nm,hp,TT,0,0.85,25,16,32,4,1.0,32,1,0.167,0.4123,0.1672,0.2477,0.261,0.2477,0.0004637,0.09856,0.01208,-2.901,0.1791,0.1575,0.02166,15.809,14.701,232.4081,array_X4_16x32_tr1_v0.85_t25_20260715_123428,24.2611,256.6692
16nm,hp,TT,0,0.85,25,16,64,4,1.0,64,1,0.3341,0.8249,0.3346,0.4955,0.5221,0.4956,0.0009276,0.09855,0.01208,-2.901,0.1792,0.1576,0.02161,31.617,14.701,464.8015,array_X4_16x64_tr1_v0.85_t25_20260715_123905,24.2611,489.0626
16nm,hp,TT,0,0.85,25,32,4,4,1.0,4,1,0.03441,0.06585,0.03445,0.04592,0.04423,0.04592,0.0001062,0.142,0.01916,-2.858,0.2639,0.2448,0.01914,1.977,24.941,49.3084,array_X4_32x4_tr1_v0.85_t25_20260715_124555,71.166,120.4744
16nm,hp,TT,0,0.85,25,32,8,4,1.0,8,1,0.069,0.132,0.06909,0.09206,0.08863,0.09208,0.0002156,0.142,0.01916,-2.858,0.264,0.2449,0.01913,3.953,24.941,98.5918,array_X4_32x8_tr1_v0.85_t25_20260715_124903,71.166,169.7578
16nm,hp,TT,0,0.85,25,32,16,4,1.0,16,1,0.1382,0.2643,0.1384,0.1844,0.1774,0.1844,0.0004342,0.1421,0.01916,-2.858,0.2641,0.245,0.01914,7.905,24.941,197.1586,array_X4_32x16_tr1_v0.85_t25_20260715_125218,71.166,268.3246
16nm,hp,TT,0,0.85,25,32,32,4,1.0,32,1,0.2766,0.5289,0.277,0.369,0.3551,0.369,0.0008733,0.1421,0.01916,-2.858,0.2642,0.2451,0.01914,15.809,24.941,394.2923,array_X4_32x32_tr1_v0.85_t25_20260715_125657,71.166,465.4583
16nm,hp,TT,0,0.85,25,32,64,4,1.0,64,1,0.5535,1.058,0.5542,0.7383,0.7104,0.7384,0.001746,0.142,0.01916,-2.858,0.2642,0.2451,0.01914,31.617,24.941,788.5596,array_X4_32x64_tr1_v0.85_t25_20260715_130416,71.166,859.7256
16nm,hp,TT,0,0.85,25,64,4,8,1.0,4,1,0.06372,0.1061,0.06324,0.07778,0.0727,0.0759,0.0002092,0.2301,0.0341,-2.77,0.2377,0.2203,0.0174,1.977,47.981,94.8584,array_X8_64x4_tr1_v0.85_t25_20260715_131641,245.5972,340.4556
16nm,hp,TT,0,0.85,25,64,8,8,1.0,8,1,0.1278,0.2128,0.1268,0.1561,0.1458,0.1522,0.0004187,0.2304,0.03415,-2.77,0.238,0.2206,0.01742,3.953,47.981,189.6689,array_X8_64x8_tr1_v0.85_t25_20260715_132028,245.5972,435.2661
16nm,hp,TT,0,0.85,25,64,16,8,0.5,8,1,0.2559,0.3405,0.254,0.3125,0.2919,0.3656,0.0008374,0.2304,0.03415,-2.77,0.2371,0.2197,0.01742,7.905,47.981,379.2898,array_X8_64x16_tr0.5_v0.85_t25_20260715_193636,245.5972,624.887
16nm,hp,TT,-0.1,0.75,25,64,16,8,1.0,16,1,0.1987,0.325,0.1973,0.2348,0.2265,0.2315,0.0006543,0.2588,0.0381,-2.741,0.2547,0.2355,0.01919,7.905,47.981,379.2898,array_X8_64x16_tr1_v0.75_t25_20260715_165827,245.5972,624.887
16nm,hp,TT,-0.1,0.75,85,64,16,8,1.0,16,1,0.2945,0.4009,0.2951,0.3126,0.3245,0.3064,0.009112,0.2386,0.03114,-2.761,0.2553,0.2374,0.01785,7.905,47.981,379.2898,array_X8_64x16_tr1_v0.75_t85_20260715_171425,245.5972,624.887
16nm,hp,TT,0,0.85,25,64,16,8,1.0,16,1,0.2559,0.4262,0.254,0.3126,0.2919,0.3048,0.0008374,0.2304,0.03415,-2.77,0.238,0.2205,0.01743,7.905,47.981,379.2898,array_X8_64x16_tr1_v0.85_t25_20260715_132513,245.5972,624.887
16nm,hp,TT,0,0.85,85,64,16,8,1.0,16,1,0.3751,0.5226,0.3773,0.4137,0.4162,0.4001,0.01139,0.2164,0.02835,-2.784,0.2411,0.2249,0.01612,7.905,47.981,379.2898,array_X8_64x16_tr1_v0.85_t85_20260715_172133,245.5972,624.887
16nm,hp,TT,-0.05,0.8,25,64,16,8,1.0,16,1,0.2262,0.3735,0.2248,0.2719,0.258,0.2666,0.0007376,0.243,0.03593,-2.757,0.2448,0.2266,0.01824,7.905,47.981,379.2898,array_X8_64x16_tr1_v0.8_t25_20260715_170218,245.5972,624.887
16nm,hp,TT,-0.05,0.8,85,64,16,8,1.0,16,1,0.3335,0.4593,0.3347,0.3608,0.3689,0.3513,0.01021,0.2264,0.02962,-2.774,0.2468,0.2299,0.0169,7.905,47.981,379.2898,array_X8_64x16_tr1_v0.8_t85_20260715_171801,245.5972,624.887
16nm,hp,TT,0.1,0.95,25,64,16,8,1.0,16,1,0.3194,0.5441,0.319,0.406,0.366,0.3909,0.001052,0.2119,0.03142,-2.788,0.2261,0.21,0.0161,7.905,47.981,379.2898,array_X8_64x16_tr1_v0.95_t25_20260715_171019,245.5972,624.887
16nm,hp,TT,0.1,0.95,85,64,16,8,1.0,16,1,0.4697,0.6676,0.4761,0.5388,0.5238,0.5129,0.01433,0.2016,0.02632,-2.798,0.2316,0.2168,0.0148,7.905,47.981,379.2898,array_X8_64x16_tr1_v0.95_t85_20260715_172856,245.5972,624.887
16nm,hp,TT,0.05,0.9,25,64,16,8,1.0,16,1,0.2871,0.483,0.2853,0.3574,0.3279,0.3464,0.0009432,0.2203,0.03267,-2.78,0.231,0.2143,0.01674,7.905,47.981,379.2898,array_X8_64x16_tr1_v0.9_t25_20260715_170614,245.5972,624.887
16nm,hp,TT,0.05,0.9,85,64,16,8,1.0,16,1,0.4192,0.5912,0.4237,0.472,0.4666,0.453,0.01268,0.2083,0.02726,-2.792,0.2354,0.22,0.01539,7.905,47.981,379.2898,array_X8_64x16_tr1_v0.9_t85_20260715_172508,245.5972,624.887
16nm,hp,TT,0,0.85,25,64,32,8,1.0,32,1,0.5123,0.853,0.5085,0.6256,0.5841,0.6101,0.001675,0.2302,0.03411,-2.77,0.2376,0.2202,0.01744,15.809,47.981,758.5316,array_X8_64x32_tr1_v0.85_t25_20260715_133243,245.5972,1004.1288
16nm,hp,TT,0,0.85,25,64,64,8,1.0,64,1,1.023,1.707,1.017,1.253,1.169,1.221,0.00334,0.2304,0.03416,-2.77,0.2389,0.2216,0.01736,31.617,47.981,1517.0153,array_X8_64x64_tr1_v0.85_t25_20260715_134557,245.5972,1762.6125
16nm,hp,TT,0,0.85,25,128,4,16,1.0,4,1,0.1218,0.1877,0.1208,0.1418,0.1308,0.1364,0.000415,0.4008,0.06411,-2.599,0.2268,0.2101,0.01661,1.977,94.061,185.9586,array_X16_128x4_tr1_v0.85_t25_20260715_135518,846.7753,1032.7339
16nm,hp,TT,0,0.85,25,128,8,16,1.0,8,1,0.2442,0.3763,0.2422,0.2844,0.2622,0.2736,0.00083,0.4008,0.06412,-2.599,0.2266,0.21,0.01664,3.953,94.061,371.8231,array_X16_128x8_tr1_v0.85_t25_20260715_140035,846.7753,1218.5984
16nm,hp,TT,0,0.85,25,128,16,16,1.0,16,1,0.4891,0.7537,0.4851,0.5698,0.5252,0.5478,0.001662,0.4004,0.06404,-2.6,0.2252,0.2086,0.01666,7.905,94.061,743.5522,array_X16_128x16_tr1_v0.85_t25_20260715_140804,846.7753,1590.3275
16nm,hp,TT,0,0.85,25,128,32,16,1.0,32,1,0.9809,1.508,0.9715,1.141,1.051,1.097,0.003316,0.4008,0.06413,-2.599,0.2264,0.2098,0.01664,15.809,94.061,1487.0103,array_X16_128x32_tr1_v0.85_t25_20260715_142218,846.7753,2333.7856
16nm,hp,TT,0,0.85,25,128,64,16,1.0,64,1,1.95,3.029,1.931,2.295,1.95,2.206,0.006633,0.4012,0.06492,-2.599,0.226,0.2094,0.0166,31.617,94.061,2973.9266,array_X16_128x64_tr1_v0.85_t25_20260715_143502,846.7753,3820.7019
16nm,hp,TT,0,0.85,25,256,4,32,1.0,4,1,0.2381,0.3509,0.2346,0.2684,0.2471,0.2573,0.000827,0.7295,0.1236,-2.27,0.2304,0.2141,0.01631,1.977,186.221,368.1589,array_X32_256x4_tr1_v0.85_t25_20260715_145229,3587.6598,3955.8187
16nm,hp,TT,0,0.85,25,256,8,32,1.0,8,1,0.4775,0.704,0.4705,0.5385,0.4955,0.5162,0.001655,0.7296,0.1236,-2.27,0.2305,0.2142,0.01632,3.953,186.221,736.1316,array_X32_256x8_tr1_v0.85_t25_20260715_150259,3567.5044,4303.636
16nm,hp,TT,0,0.85,25,256,16,32,1.0,16,1,0.9563,1.41,0.9415,1.079,0.9921,1.034,0.003305,0.7285,0.1235,-2.271,0.2314,0.2151,0.01631,7.905,186.221,1472.077,array_X32_256x16_tr1_v0.85_t25_20260715_151852,3587.6598,5059.7368
16nm,hp,TT,0,0.85,25,256,32,32,0.5,16,1,1.903,2.366,1.873,2.17,1.904,2.457,0.00661,0.7305,0.1255,-2.27,0.2305,0.2142,0.01627,15.809,186.221,2943.9678,array_X32_256x32_tr0.5_v0.85_t25_20260715_194006,3587.6598,6531.6276
16nm,hp,TT,-0.1,0.75,25,256,32,32,1.0,32,1,1.48,2.172,1.454,1.625,1.481,1.591,0.00515,0.8167,0.1395,-2.183,0.2468,0.229,0.01782,15.809,186.221,2943.9678,array_X32_256x32_tr1_v0.75_t25_20260715_173230,3587.6598,6531.6276
16nm,hp,TT,-0.1,0.75,85,256,32,32,1.0,32,1,2.128,2.833,2.085,2.312,2.129,2.247,0.07205,0.7518,0.1301,-2.248,0.2476,0.2309,0.0167,15.809,186.221,2943.9678,array_X32_256x32_tr1_v0.75_t85_20260715_182814,3587.6598,6531.6276
16nm,hp,TT,0,0.85,25,256,32,32,1.0,32,1,1.903,2.833,1.873,2.169,1.904,2.081,0.00661,0.7304,0.1254,-2.27,0.2319,0.2156,0.0163,15.809,186.221,2943.9678,array_X32_256x32_tr1_v0.85_t25_20260715_153436,3587.6598,6531.6276
16nm,hp,TT,0,0.85,85,256,32,32,1.0,32,1,2.712,3.665,2.671,3.052,2.712,2.907,0.09007,0.6843,0.1185,-2.316,0.2351,0.22,0.01513,15.809,186.221,2943.9678,array_X32_256x32_tr1_v0.85_t85_20260715_185457,3587.6598,6531.6276
16nm,hp,TT,-0.05,0.8,25,256,32,32,1.0,32,1,1.685,2.49,1.656,1.885,1.685,1.826,0.005846,0.7688,0.1318,-2.231,0.2374,0.2204,0.01701,15.809,186.221,2943.9678,array_X32_256x32_tr1_v0.8_t25_20260715_174547,3587.6598,6531.6276
16nm,hp,TT,-0.05,0.8,85,256,32,32,1.0,32,1,2.41,3.234,2.368,2.664,2.411,2.564,0.08074,0.7146,0.1237,-2.285,0.2408,0.2249,0.01585,15.809,186.221,2943.9678,array_X32_256x32_tr1_v0.8_t85_20260715_184112,3587.6598,6531.6276
16nm,hp,TT,0.1,0.95,25,256,32,32,1.0,32,1,2.379,3.594,2.354,2.824,2.381,2.649,0.0084,0.6731,0.1158,-2.327,0.2225,0.2074,0.01513,15.809,186.221,2943.9678,array_X32_256x32_tr1_v0.95_t25_20260715_181403,3587.6598,6531.6276
16nm,hp,TT,0.1,0.95,85,256,32,32,1.0,32,1,3.395,4.65,3.376,3.967,3.396,3.696,0.1133,0.6386,0.1102,-2.361,0.2268,0.2128,0.014,15.809,186.221,2943.9678,array_X32_256x32_tr1_v0.95_t85_20260715_192231,3587.6598,6531.6276
16nm,hp,TT,0.05,0.9,25,256,32,32,1.0,32,1,2.134,3.201,2.106,2.483,2.135,2.355,0.007449,0.699,0.1202,-2.301,0.2252,0.2095,0.01569,15.809,186.221,2943.9678,array_X32_256x32_tr1_v0.9_t25_20260715_175959,3587.6598,6531.6276
16nm,hp,TT,0.05,0.9,85,256,32,32,1.0,32,1,3.033,4.129,3.002,3.479,3.033,3.277,0.1002,0.6594,0.114,-2.341,0.2315,0.217,0.01454,15.809,186.221,2943.9678,array_X32_256x32_tr1_v0.9_t85_20260715_190834,3587.6598,6531.6276
16nm,hp,TT,0,0.85,25,512,4,64,1.0,4,1,0.4583,0.6762,0.4148,0.4735,0.4672,0.4863,0.00165,1.294,0.1736,-1.706,0.2837,0.2675,0.01619,1.977,370.541,732.5596,array_X64_512x4_tr1_v0.85_t25_20260715_155421,12659.5768,13392.1364
16nm,hp,TT,0,0.85,25,512,8,64,1.0,8,1,0.9188,1.356,0.831,0.9485,0.9366,0.9751,0.003298,1.294,0.1734,-1.706,0.2849,0.2688,0.01616,3.953,370.541,1464.7486,array_X64_512x8_tr1_v0.85_t25_20260715_161250,12699.6388,14164.3874
16nm,hp,TT,0,0.85,25,512,16,64,1.0,16,1,1.827,2.727,1.653,1.909,1.828,1.966,0.006598,1.298,0.1787,-1.702,0.2846,0.2684,0.01619,7.905,370.541,2929.1266,array_X64_512x16_tr1_v0.85_t25_20260715_163120,12659.5768,15588.7034
20nm,hp,TT,0,0.9,25,8,4,4,1.0,4,1,0.01585,0.05126,0.01605,0.02777,0.0301,0.0276,3.741e-05,0.1089,0.01124,-2.891,0.2063,0.1763,0.03001,2.64,11.0,29.04,array_X4_8x4_tr1_v0.9_t25_20260715_120851,23.6544,52.6944
20nm,hp,TT,0,0.9,25,8,8,4,1.0,8,1,0.03178,0.1027,0.03218,0.05562,0.06026,0.05527,7.568e-05,0.1089,0.01124,-2.891,0.2064,0.1763,0.03009,5.28,11.0,58.08,array_X4_8x8_tr1_v0.9_t25_20260715_121116,23.6544,81.7344
20nm,hp,TT,0,0.9,25,8,16,4,1.0,16,1,0.06366,0.2055,0.06445,0.1113,0.1206,0.1106,0.0001513,0.1089,0.01124,-2.891,0.2064,0.1763,0.03011,10.56,11.0,116.16,array_X4_8x16_tr1_v0.9_t25_20260715_121352,23.6544,139.8144
20nm,hp,TT,0,0.9,25,8,32,4,1.0,32,1,0.1274,0.411,0.129,0.2227,0.2414,0.2213,0.0003028,0.1089,0.01124,-2.891,0.2064,0.1763,0.03001,21.12,11.0,232.32,array_X4_8x32_tr1_v0.9_t25_20260715_121648,23.6544,255.9744
20nm,hp,TT,0,0.9,25,8,64,4,1.0,64,1,0.2549,0.8221,0.258,0.4455,0.4831,0.4427,0.0006037,0.1089,0.01124,-2.891,0.2064,0.1763,0.03004,42.24,11.0,464.64,array_X4_8x64_tr1_v0.9_t25_20260715_122020,31.0464,495.6864
20nm,hp,TT,0,0.9,25,16,4,4,1.0,4,1,0.02377,0.05969,0.02402,0.03692,0.03607,0.03673,6.681e-05,0.1421,0.0165,-2.858,0.2733,0.2467,0.02656,2.64,17.4,45.936,array_X4_16x4_tr1_v0.9_t25_20260715_122448,39.4944,85.4304
20nm,hp,TT,0,0.9,25,16,8,4,0.5,4,1,0.04769,0.08356,0.04818,0.07397,0.07229,0.09652,0.0001335,0.1422,0.01651,-2.858,0.2732,0.2466,0.02661,5.28,17.4,91.872,array_X4_16x8_tr0.5_v0.9_t25_20260715_191849,39.4944,131.3664
20nm,hp,TT,-0.05,0.85,25,16,8,4,1.0,8,1,0.04251,0.1052,0.04282,0.06465,0.06385,0.06449,0.0001168,0.1483,0.01725,-2.852,0.2798,0.2518,0.02796,5.28,17.4,91.872,array_X4_16x8_tr1_v0.85_t25_20260715_164935,39.4944,131.3664
20nm,hp,TT,-0.05,0.85,85,16,8,4,1.0,8,1,0.05957,0.1213,0.0604,0.08084,0.08586,0.08003,0.001549,0.1424,0.01499,-2.858,0.2864,0.2609,0.02543,5.28,17.4,91.872,array_X4_16x8_tr1_v0.85_t85_20260715_165121,39.4944,131.3664
20nm,hp,TT,-0.1,0.8,25,16,8,4,1.0,8,1,0.03765,0.09201,0.03792,0.05627,0.05593,0.05617,0.0001084,0.1558,0.01813,-2.844,0.2878,0.2583,0.0295,5.28,17.4,91.872,array_X4_16x8_tr1_v0.8_t25_20260715_164909,39.4944,131.3664
20nm,hp,TT,-0.1,0.8,85,16,8,4,1.0,8,1,0.05289,0.1062,0.05341,0.07039,0.07573,0.06993,0.001395,0.1485,0.01567,-2.852,0.2937,0.2668,0.02687,5.28,17.4,91.872,array_X4_16x8_tr1_v0.8_t85_20260715_165056,39.4944,131.3664
20nm,hp,TT,0.05,0.95,25,16,8,4,1.0,8,1,0.05328,0.135,0.05399,0.08418,0.08127,0.08347,0.0001518,0.1372,0.01587,-2.863,0.2677,0.2423,0.02538,5.28,17.4,91.872,array_X4_16x8_tr1_v0.95_t25_20260715_165001,39.4944,131.3664
20nm,hp,TT,0.05,0.95,85,16,8,4,1.0,8,1,0.07651,0.1572,0.07818,0.1074,0.1104,0.1053,0.002131,0.1333,0.01387,-2.867,0.2762,0.2532,0.02301,5.28,17.4,91.872,array_X4_16x8_tr1_v0.95_t85_20260715_165215,39.4944,131.3664
20nm,hp,TT,0,0.9,25,16,8,4,1.0,8,1,0.04769,0.1195,0.04818,0.07395,0.07229,0.07358,0.0001335,0.1422,0.0165,-2.858,0.2732,0.2466,0.02661,5.28,17.4,91.872,array_X4_16x8_tr1_v0.9_t25_20260715_122732,39.4944,131.3664
20nm,hp,TT,0,0.9,85,16,8,4,1.0,8,1,0.06683,0.1376,0.06797,0.09247,0.09683,0.09116,0.001724,0.1374,0.0144,-2.863,0.2807,0.2566,0.0241,5.28,17.4,91.872,array_X4_16x8_tr1_v0.9_t85_20260715_165149,39.4944,131.3664
20nm,hp,TT,0.1,1,25,16,8,4,1.0,8,1,0.06006,0.1524,0.06125,0.09636,0.09175,0.09517,0.0002721,0.133,0.0153,-2.867,0.2633,0.239,0.0243,5.28,17.4,91.872,array_X4_16x8_tr1_v1_t25_20260715_165030,39.4944,131.3664
20nm,hp,TT,0.1,1,85,16,8,4,1.0,8,1,0.134,0.2278,0.1373,0.1744,0.1719,0.1704,0.007842,0.1295,0.01312,-2.871,0.2715,0.2495,0.02203,5.28,17.4,91.872,array_X4_16x8_tr1_v1_t85_20260715_165245,39.4944,131.3664
20nm,hp,TT,0,0.9,25,16,16,4,1.0,16,1,0.09552,0.2392,0.09651,0.148,0.1447,0.1473,0.0002668,0.1422,0.01651,-2.858,0.2732,0.2466,0.02661,10.56,17.4,183.744,array_X4_16x16_tr1_v0.9_t25_20260715_123025,39.4944,223.2384
20nm,hp,TT,0,0.9,25,16,32,4,1.0,32,1,0.1912,0.4786,0.1932,0.2961,0.2896,0.2947,0.0005337,0.1421,0.0165,-2.858,0.2731,0.2466,0.02657,21.12,17.4,367.488,array_X4_16x32_tr1_v0.9_t25_20260715_123352,39.4944,406.9824
20nm,hp,TT,0,0.9,25,16,64,4,1.0,64,1,0.3825,0.9574,0.3865,0.5925,0.5793,0.5895,0.001067,0.1422,0.0165,-2.858,0.2733,0.2468,0.02656,42.24,17.4,734.976,array_X4_16x64_tr1_v0.9_t25_20260715_123832,48.7872,783.7632
20nm,hp,TT,0,0.9,25,32,4,4,1.0,4,1,0.03963,0.07746,0.03996,0.05525,0.05003,0.05498,0.0001248,0.2062,0.02707,-2.794,0.4091,0.3851,0.024,2.64,30.2,79.728,array_X4_32x4_tr1_v0.9_t25_20260715_124515,100.32,180.048
20nm,hp,TT,0,0.9,25,32,8,4,1.0,8,1,0.07953,0.1552,0.0802,0.1107,0.1003,0.1102,0.0002499,0.2062,0.02707,-2.794,0.4092,0.3853,0.02398,5.28,30.2,159.456,array_X4_32x8_tr1_v0.9_t25_20260715_124816,100.32,259.776
20nm,hp,TT,0,0.9,25,32,16,4,1.0,16,1,0.1593,0.3106,0.1607,0.2216,0.2009,0.2205,0.0004999,0.2062,0.02707,-2.794,0.4092,0.3852,0.02398,10.56,30.2,318.912,array_X4_32x16_tr1_v0.9_t25_20260715_125141,100.32,419.232
20nm,hp,TT,0,0.9,25,32,32,4,1.0,32,1,0.3189,0.6214,0.3216,0.4434,0.4021,0.4413,0.0009997,0.2061,0.02705,-2.794,0.4091,0.385,0.02404,21.12,30.2,637.824,array_X4_32x32_tr1_v0.9_t25_20260715_125614,100.32,738.144
20nm,hp,TT,0,0.9,25,32,64,4,1.0,64,1,0.6381,1.243,0.6434,0.887,0.8044,0.8827,0.001999,0.2061,0.02707,-2.794,0.4091,0.3851,0.02402,42.24,30.2,1275.648,array_X4_32x64_tr1_v0.9_t25_20260715_130345,144.4608,1420.1088
20nm,hp,TT,0,0.9,25,64,4,8,1.0,4,1,0.0734,0.125,0.07364,0.09422,0.0831,0.0901,0.0002458,0.3364,0.04943,-2.664,0.3687,0.3465,0.02217,2.64,58.36,154.0704,array_X8_64x4_tr1_v0.9_t25_20260715_131644,346.896,500.9664
20nm,hp,TT,0,0.9,25,64,8,8,1.0,8,1,0.1473,0.2505,0.1478,0.1888,0.1667,0.1806,0.0004914,0.3364,0.04943,-2.664,0.3686,0.3464,0.02216,5.28,58.36,308.1408,array_X8_64x8_tr1_v0.9_t25_20260715_132048,346.896,655.0368
20nm,hp,TT,0,0.9,25,64,16,8,0.5,8,1,0.2951,0.3978,0.2961,0.378,0.3339,0.4314,0.0009826,0.3364,0.04945,-2.664,0.3685,0.3463,0.02219,10.56,58.36,616.2816,array_X8_64x16_tr0.5_v0.9_t25_20260715_191909,346.896,963.1776
20nm,hp,TT,-0.05,0.85,25,64,16,8,1.0,16,1,0.263,0.4421,0.2631,0.3298,0.2979,0.3181,0.0008788,0.3505,0.05154,-2.649,0.3766,0.3535,0.02316,10.56,58.36,616.2816,array_X8_64x16_tr1_v0.85_t25_20260715_165704,346.896,963.1776
20nm,hp,TT,-0.05,0.85,85,64,16,8,1.0,16,1,0.3817,0.5417,0.3868,0.4369,0.4198,0.4163,0.01144,0.3324,0.04296,-2.668,0.3869,0.3655,0.02136,10.56,58.36,616.2816,array_X8_64x16_tr1_v0.85_t85_20260715_171225,346.896,963.1776
20nm,hp,TT,-0.1,0.8,25,64,16,8,1.0,16,1,0.233,0.3874,0.2327,0.286,0.2632,0.278,0.0007823,0.3677,0.05404,-2.632,0.3883,0.364,0.02423,10.56,58.36,616.2816,array_X8_64x16_tr1_v0.8_t25_20260715_165313,346.896,963.1776
20nm,hp,TT,-0.1,0.8,85,64,16,8,1.0,16,1,0.3399,0.476,0.3429,0.3803,0.3728,0.3655,0.0103,0.346,0.04473,-2.654,0.3958,0.3734,0.02241,10.56,58.36,616.2816,array_X8_64x16_tr1_v0.8_t85_20260715_170852,346.896,963.1776
20nm,hp,TT,0.05,0.95,25,64,16,8,1.0,16,1,0.329,0.5653,0.332,0.431,0.3732,0.4087,0.001122,0.3249,0.04767,-2.675,0.3619,0.3406,0.02131,10.56,58.36,616.2816,array_X8_64x16_tr1_v0.95_t25_20260715_170051,346.896,963.1776
20nm,hp,TT,0.05,0.95,85,64,16,8,1.0,16,1,0.4893,0.7047,0.5013,0.5844,0.5392,0.547,0.01563,0.3119,0.04014,-2.688,0.3737,0.354,0.01965,10.56,58.36,616.2816,array_X8_64x16_tr1_v0.95_t85_20260715_171932,346.896,963.1776
20nm,hp,TT,0,0.9,25,64,16,8,1.0,16,1,0.2951,0.5013,0.2961,0.378,0.3339,0.3614,0.0009826,0.3364,0.04945,-2.664,0.3684,0.3463,0.02215,10.56,58.36,616.2816,array_X8_64x16_tr1_v0.9_t25_20260715_132558,346.896,963.1776
20nm,hp,TT,0,0.9,85,64,16,8,1.0,16,1,0.4268,0.613,0.4348,0.5,0.4704,0.4719,0.01272,0.3212,0.04146,-2.679,0.3781,0.3577,0.02044,10.56,58.36,616.2816,array_X8_64x16_tr1_v0.9_t85_20260715_171603,346.896,963.1776
20nm,hp,TT,0.1,1,25,64,16,8,1.0,16,1,0.3718,0.6408,0.3773,0.4968,0.4211,0.4667,0.001989,0.3152,0.04613,-2.685,0.3576,0.337,0.02056,10.56,58.36,616.2816,array_X8_64x16_tr1_v1_t25_20260715_170454,346.896,963.1776
20nm,hp,TT,0.1,1,85,64,16,8,1.0,16,1,0.9046,1.162,0.922,1.037,0.9604,0.9886,0.05532,0.3038,0.03883,-2.696,0.3689,0.3499,0.01893,10.56,58.36,616.2816,array_X8_64x16_tr1_v1_t85_20260715_172303,346.896,963.1776
20nm,hp,TT,0,0.9,25,64,32,8,1.0,32,1,0.5908,1.003,0.5927,0.7562,0.6684,0.7229,0.001965,0.3364,0.04943,-2.664,0.3683,0.3461,0.02215,21.12,58.36,1232.5632,array_X8_64x32_tr1_v0.9_t25_20260715_133340,346.896,1579.4592
20nm,hp,TT,0,0.9,25,64,64,8,1.0,64,1,1.182,2.006,1.187,1.512,1.337,1.447,0.003933,0.3363,0.04944,-2.664,0.3697,0.3477,0.02208,42.24,58.36,2465.1264,array_X8_64x64_tr1_v0.9_t25_20260715_134703,516.4896,2981.616
20nm,hp,TT,0,0.9,25,128,4,16,1.0,4,1,0.1409,0.2213,0.1408,0.1721,0.1504,0.1612,0.0004883,0.5874,0.09428,-2.413,0.3553,0.3339,0.02144,2.64,114.68,302.7552,array_X16_128x4_tr1_v0.9_t25_20260715_135650,1216.512,1519.2672
20nm,hp,TT,0,0.9,25,128,8,16,1.0,8,1,0.2826,0.4434,0.2825,0.3448,0.3016,0.323,0.0009766,0.5871,0.09422,-2.413,0.3552,0.3338,0.0214,5.28,114.68,605.5104,array_X16_128x8_tr1_v0.9_t25_20260715_140208,1216.512,1822.0224
20nm,hp,TT,0,0.9,25,128,16,16,1.0,16,1,0.5663,0.8876,0.5661,0.6903,0.6043,0.6467,0.001953,0.5873,0.09425,-2.413,0.3553,0.3339,0.02139,10.56,114.68,1211.0208,array_X16_128x16_tr1_v0.9_t25_20260715_140940,1216.512,2427.5328
20nm,hp,TT,0,0.9,25,128,32,16,1.0,32,1,1.133,1.776,1.133,1.381,1.21,1.294,0.003903,0.587,0.09422,-2.413,0.356,0.3346,0.02133,21.12,114.68,2422.0416,array_X16_128x32_tr1_v0.9_t25_20260715_142353,1216.512,3638.5536
20nm,hp,TT,0,0.9,25,128,64,16,1.0,64,1,2.254,3.566,2.251,2.777,2.254,2.602,0.007807,0.588,0.09565,-2.412,0.3565,0.3352,0.02127,42.24,114.68,4844.0832,array_X16_128x64_tr1_v0.9_t25_20260715_143608,1779.1488,6623.232
20nm,hp,TT,0,0.9,25,256,4,32,1.0,4,1,0.2733,0.414,0.2629,0.3153,0.2828,0.3013,0.0009718,1.053,0.1687,-1.947,0.3803,0.3591,0.02119,2.64,227.32,600.1248,array_X32_256x4_tr1_v0.9_t25_20260715_145328,5266.8,5866.9248
20nm,hp,TT,0,0.9,25,256,8,32,1.0,8,1,0.5485,0.8298,0.5275,0.6319,0.5676,0.604,0.001945,1.054,0.1687,-1.946,0.3804,0.3593,0.02113,5.28,227.32,1200.2496,array_X32_256x8_tr1_v0.9_t25_20260715_150345,5266.8,6467.0496
20nm,hp,TT,0,0.9,25,256,16,32,1.0,16,1,1.099,1.66,1.057,1.265,1.137,1.209,0.003888,1.054,0.1687,-1.946,0.3815,0.3605,0.02103,10.56,227.32,2400.4992,array_X32_256x16_tr1_v0.9_t25_20260715_151950,5266.8,7667.2992
20nm,hp,TT,0,0.9,25,256,32,32,0.5,16,1,2.185,2.76,2.103,2.543,2.186,2.884,0.007778,1.056,0.1725,-1.944,0.3817,0.3607,0.02103,21.12,227.32,4800.9984,array_X32_256x32_tr0.5_v0.9_t25_20260715_192229,5266.8,10067.7984
20nm,hp,TT,-0.05,0.85,25,256,32,32,1.0,32,1,1.947,2.952,1.862,2.209,1.949,2.148,0.006955,1.097,0.1776,-1.903,0.3883,0.3664,0.02189,21.12,227.32,4800.9984,array_X32_256x32_tr1_v0.85_t25_20260715_173859,5266.8,10067.7984
20nm,hp,TT,-0.05,0.85,85,256,32,32,1.0,32,1,2.744,3.795,2.651,3.119,2.744,2.983,0.09045,1.031,0.1671,-1.969,0.3993,0.3789,0.02036,21.12,227.32,4800.9984,array_X32_256x32_tr1_v0.85_t85_20260715_182856,5266.8,10067.7984
20nm,hp,TT,-0.1,0.8,25,256,32,32,1.0,32,1,1.723,2.594,1.636,1.904,1.725,1.882,0.006201,1.148,0.1835,-1.852,0.3956,0.3727,0.02291,21.12,227.32,4800.9984,array_X32_256x32_tr1_v0.8_t25_20260715_172642,5266.8,10067.7984
20nm,hp,TT,-0.1,0.8,85,256,32,32,1.0,32,1,2.441,3.348,2.341,2.71,2.441,2.63,0.08141,1.07,0.172,-1.93,0.4059,0.3845,0.02135,21.12,227.32,4800.9984,array_X32_256x32_tr1_v0.8_t85_20260715_181703,5266.8,10067.7984
20nm,hp,TT,0.05,0.95,25,256,32,32,1.0,32,1,2.438,3.752,2.364,2.913,2.44,2.742,0.008842,1.021,0.1675,-1.979,0.3759,0.3556,0.02032,21.12,227.32,4800.9984,array_X32_256x32_tr1_v0.95_t25_20260715_175132,5266.8,10067.7984
20nm,hp,TT,0.05,0.95,85,256,32,32,1.0,32,1,3.532,4.918,3.468,4.191,3.531,3.898,0.1234,0.9716,0.1585,-2.028,0.388,0.3692,0.01884,21.12,227.32,4800.9984,array_X32_256x32_tr1_v0.95_t85_20260715_185336,5266.8,10067.7984
20nm,hp,TT,0,0.9,25,256,32,32,1.0,32,1,2.185,3.336,2.103,2.543,2.186,2.434,0.007778,1.056,0.1722,-1.944,0.382,0.3609,0.02106,21.12,227.32,4800.9984,array_X32_256x32_tr1_v0.9_t25_20260715_153439,5266.8,10067.7984
20nm,hp,TT,0,0.9,85,256,32,32,1.0,32,1,3.071,4.28,2.989,3.574,3.071,3.367,0.1006,0.9987,0.1626,-2.001,0.3934,0.3738,0.01957,21.12,227.32,4800.9984,array_X32_256x32_tr1_v0.9_t85_20260715_184107,5266.8,10067.7984
20nm,hp,TT,0.1,1,25,256,32,32,1.0,32,1,2.76,4.248,2.699,3.375,2.762,3.13,0.01564,0.9914,0.1634,-2.009,0.3717,0.352,0.01964,21.12,227.32,4800.9984,array_X32_256x32_tr1_v1_t25_20260715_180416,5266.8,10067.7984
20nm,hp,TT,0.1,1,85,256,32,32,1.0,32,1,6.776,8.431,6.733,7.695,6.775,7.305,0.4328,0.9488,0.1549,-2.051,0.3841,0.366,0.01818,21.12,227.32,4800.9984,array_X32_256x32_tr1_v1_t85_20260715_190610,5266.8,10067.7984
