node,transistor,corner,voltage_offset_V,vdd_V,temperature_C,rows,cols,pex,dec_act_energy_pJ,dec_flip_energy_pJ,dec_idle_energy_pJ,dec_leak_power_mW,dec_clk_wl_ns,dec_wlen_wl_ns,dec_wl_rise_ns,wl_cap_fF,wl_res_ohm,dec_width_um,dec_height_um,dec_area_um2,dec_util,clk_ns,flow_run_id
20nm,hp,TT,0,0.9,25,8,4,1,0.02417,0.03227,0.01137,1.678e-05,2.043,0.04285,0.03568,1.32372,101.072,2.112,11.2,23.6544,0.6696,10,dec_8x4_v0.9_t25_20260715_121024
20nm,hp,TT,0,0.9,25,8,8,1,0.025155,0.03324,0.01141,1.439e-05,2.055,0.05468,0.05822,2.63877,208.43,2.112,11.2,23.6544,0.6696,10,dec_8x8_v0.9_t25_20260715_121259
20nm,hp,TT,0,0.9,25,8,16,1,0.027295,0.03537,0.01141,1.439e-05,2.077,0.07653,0.1033,5.26869,423.146,2.112,11.2,23.6544,0.6696,10,dec_8x16_v0.9_t25_20260715_121553
20nm,hp,TT,0,0.9,25,8,32,1,0.031645,0.039505,0.01138,1.591e-05,2.12,0.1201,0.1962,10.5269,852.578,2.112,11.2,23.6544,0.6696,10,dec_8x32_v0.9_t25_20260715_121920
20nm,hp,TT,0,0.9,25,8,64,1,0.04312,0.05134,0.0115,2.156e-05,2.161,0.161,0.2045,20.9112,1711.443,2.772,11.2,31.0464,0.619,10,dec_8x64_v0.9_t25_20260715_122355
20nm,hp,TT,0,0.9,25,16,4,1,0.03262,0.046555,0.01526,2.393e-05,2.045,0.04542,0.03662,1.32383,101.072,2.244,17.6,39.4944,0.6578,10,dec_16x4_v0.9_t25_20260715_122636
20nm,hp,TT,-0.1,0.8,25,16,8,1,0.026265,0.036945,0.01194,2.066e-05,2.063,0.06292,0.06238,2.63898,208.43,2.244,17.6,39.4944,0.6578,10,dec_16x8_v0.8_t25_20260715_164928
20nm,hp,TT,-0.1,0.8,85,16,8,1,0.02974,0.040775,0.01481,0.0003035,2.06,0.05974,0.06283,2.63898,208.43,2.244,17.6,39.4944,0.6578,10,dec_16x8_v0.8_t85_20260715_165114
20nm,hp,TT,-0.05,0.85,25,16,8,1,0.029855,0.0421,0.01354,2.135e-05,2.06,0.0597,0.06039,2.63898,208.43,2.244,17.6,39.4944,0.6578,10,dec_16x8_v0.85_t25_20260715_164954
20nm,hp,TT,-0.05,0.85,85,16,8,1,0.03375,0.046445,0.01673,0.0003366,2.057,0.05707,0.06128,2.63898,208.43,2.244,17.6,39.4944,0.6578,10,dec_16x8_v0.85_t85_20260715_165142
20nm,hp,TT,0,0.9,25,16,8,1,0.033695,0.04763,0.01527,2.393e-05,2.057,0.05713,0.05898,2.63898,208.43,2.244,17.6,39.4944,0.6578,10,dec_16x8_v0.9_t25_20260715_122928
20nm,hp,TT,0,0.9,85,16,8,1,0.03812,0.05259,0.01884,0.0003758,2.055,0.05484,0.05985,2.63898,208.43,2.244,17.6,39.4944,0.6578,10,dec_16x8_v0.9_t85_20260715_165207
20nm,hp,TT,0.05,0.95,25,16,8,1,0.037835,0.053595,0.01708,2.976e-05,2.055,0.0549,0.05754,2.63898,208.43,2.244,17.6,39.4944,0.6578,10,dec_16x8_v0.95_t25_20260715_165022
20nm,hp,TT,0.05,0.95,85,16,8,1,0.04376,0.060175,0.02215,0.0005248,2.053,0.05291,0.05892,2.63898,208.43,2.244,17.6,39.4944,0.6578,10,dec_16x8_v0.95_t85_20260715_165236
20nm,hp,TT,0.1,1,25,16,8,1,0.042715,0.06045,0.01955,8.578e-05,2.053,0.05301,0.05642,2.63898,208.43,2.244,17.6,39.4944,0.6578,10,dec_16x8_v1_t25_20260715_165049
20nm,hp,TT,0.1,1,85,16,8,1,0.07246,0.091,0.05081,0.003213,2.051,0.05131,0.05809,2.63898,208.43,2.244,17.6,39.4944,0.6578,10,dec_16x8_v1_t85_20260715_165306
20nm,hp,TT,0,0.9,25,16,16,1,0.035215,0.050095,0.01526,2.4e-05,2.079,0.07861,0.1031,5.26908,423.146,2.244,17.6,39.4944,0.6578,10,dec_16x16_v0.9_t25_20260715_123250
20nm,hp,TT,0,0.9,25,16,32,1,0.039865,0.05451,0.01526,2.421e-05,2.123,0.1228,0.1966,10.5276,852.578,2.244,17.6,39.4944,0.6578,10,dec_16x32_v0.9_t25_20260715_123721
20nm,hp,TT,0,0.9,25,16,64,1,0.055715,0.07054,0.01541,3.716e-05,2.182,0.182,0.2052,20.9123,1711.443,2.772,17.6,48.7872,0.6537,10,dec_16x64_v0.9_t25_20260715_124418
20nm,hp,TT,0,0.9,25,32,4,1,0.03973,0.062765,0.01921,3.797e-05,2.046,0.04616,0.03715,1.32385,101.072,3.3,30.4,100.32,0.4305,10,dec_32x4_v0.9_t25_20260715_124709
20nm,hp,TT,0,0.9,25,32,8,1,0.040705,0.06383,0.01923,3.793e-05,2.059,0.05864,0.06071,2.63904,208.43,3.3,30.4,100.32,0.4305,10,dec_32x8_v0.9_t25_20260715_125037
20nm,hp,TT,0,0.9,25,32,16,1,0.042835,0.065955,0.01923,3.793e-05,2.081,0.08056,0.1059,5.2692,423.146,3.3,30.4,100.32,0.4305,10,dec_32x16_v0.9_t25_20260715_125455
20nm,hp,TT,0,0.9,25,32,32,1,0.047345,0.070395,0.01924,3.788e-05,2.123,0.1231,0.1971,10.5279,852.578,3.3,30.4,100.32,0.4305,10,dec_32x32_v0.9_t25_20260715_130212
20nm,hp,TT,0,0.9,25,32,64,1,0.057985,0.081275,0.0195,6.485e-05,2.165,0.1646,0.2066,20.9128,1711.443,4.752,30.4,144.4608,0.3925,10,dec_32x64_v0.9_t25_20260715_131525
20nm,hp,TT,0,0.9,25,64,4,1,0.07113,0.112,0.02331,6.57e-05,2.052,0.05236,0.0456,1.32388,101.072,5.94,58.4,346.896,0.2174,10,dec_64x4_v0.9_t25_20260715_131912
20nm,hp,TT,0,0.9,25,64,8,1,0.07219,0.113,0.02331,6.57e-05,2.064,0.06368,0.06778,2.63907,208.43,5.94,58.4,346.896,0.2174,10,dec_64x8_v0.9_t25_20260715_132409
20nm,hp,TT,-0.1,0.8,25,64,16,1,0.05807,0.08969,0.01825,5.191e-05,2.094,0.09365,0.1197,5.26939,423.146,5.94,58.4,346.896,0.2174,10,dec_64x16_v0.8_t25_20260715_165642
20nm,hp,TT,-0.1,0.8,85,64,16,1,0.066645,0.09906,0.0254,0.0007794,2.089,0.0886,0.1204,5.26939,423.146,5.94,58.4,346.896,0.2174,10,dec_64x16_v0.8_t85_20260715_171208
20nm,hp,TT,-0.05,0.85,25,64,16,1,0.065905,0.10195,0.02073,5.59e-05,2.089,0.08917,0.116,5.26939,423.146,5.94,58.4,346.896,0.2174,10,dec_64x16_v0.85_t25_20260715_170031
20nm,hp,TT,-0.05,0.85,85,64,16,1,0.0755,0.1125,0.02862,0.0008615,2.085,0.08485,0.1174,5.26939,423.146,5.94,58.4,346.896,0.2174,10,dec_64x16_v0.85_t85_20260715_171546
20nm,hp,TT,0,0.9,25,64,16,1,0.074305,0.11515,0.02331,6.57e-05,2.085,0.08543,0.1131,5.26939,423.146,5.94,58.4,346.896,0.2174,10,dec_64x16_v0.9_t25_20260715_133134
20nm,hp,TT,0,0.9,85,64,16,1,0.085105,0.1271,0.0322,0.0009637,2.082,0.08175,0.1152,5.26939,423.146,5.94,58.4,346.896,0.2174,10,dec_64x16_v0.9_t85_20260715_171914
20nm,hp,TT,0.05,0.95,25,64,16,1,0.083315,0.1293,0.02617,7.63e-05,2.082,0.08226,0.1106,5.26939,423.146,5.94,58.4,346.896,0.2174,10,dec_64x16_v0.95_t25_20260715_170432
20nm,hp,TT,0.05,0.95,85,64,16,1,0.098285,0.1456,0.03919,0.001387,2.079,0.07914,0.1132,5.26939,423.146,5.94,58.4,346.896,0.2174,10,dec_64x16_v0.95_t85_20260715_172244
20nm,hp,TT,0.1,1,25,64,16,1,0.094385,0.14585,0.0307,0.0002445,2.08,0.07958,0.1087,5.26939,423.146,5.94,58.4,346.896,0.2174,10,dec_64x16_v1_t25_20260715_170830
20nm,hp,TT,0.1,1,85,64,16,1,0.18055,0.2335,0.1208,0.009278,2.077,0.07687,0.1115,5.26939,423.146,5.94,58.4,346.896,0.2174,10,dec_64x16_v1_t85_20260715_172622
20nm,hp,TT,0,0.9,25,64,32,1,0.079605,0.12025,0.02334,6.256e-05,2.212,0.2122,0.2068,10.5283,852.578,5.94,58.4,346.896,0.2174,10,dec_64x32_v0.9_t25_20260715_134425
20nm,hp,TT,0,0.9,25,64,64,1,0.094065,0.13435,0.02381,0.0001173,2.167,0.1667,0.2098,20.9133,1711.443,8.844,58.4,516.4896,0.1975,10,dec_64x64_v0.9_t25_20260715_135513
20nm,hp,TT,0,0.9,25,128,4,1,0.1297,0.18495,0.02768,0.0001082,2.143,0.1428,0.05416,1.32384,101.072,10.56,115.2,1216.512,0.1083,10,dec_128x4_v0.9_t25_20260715_140002
20nm,hp,TT,0,0.9,25,128,8,1,0.1321,0.1879,0.02773,0.0001076,2.158,0.1578,0.0778,2.63904,208.43,10.56,115.2,1216.512,0.1083,10,dec_128x8_v0.9_t25_20260715_140716
20nm,hp,TT,0,0.9,25,128,16,1,0.1342,0.18935,0.02772,0.0001075,2.183,0.1828,0.1282,5.26952,423.146,10.56,115.2,1216.512,0.1083,10,dec_128x16_v0.9_t25_20260715_142046
20nm,hp,TT,0,0.9,25,128,32,1,0.1382,0.1922,0.02773,0.0001083,2.225,0.2247,0.2162,10.5286,852.578,10.56,115.2,1216.512,0.1083,10,dec_128x32_v0.9_t25_20260715_143144
20nm,hp,TT,0,0.9,25,128,64,1,0.16175,0.2161,0.02866,0.0002155,2.298,0.2979,0.2108,20.9137,1711.443,15.444,115.2,1779.1488,0.1037,10,dec_128x64_v0.9_t25_20260715_145051
20nm,hp,TT,0,0.9,25,256,4,1,0.27075,0.42945,0.03311,0.0002422,2.12,0.1201,0.1893,1.32391,101.072,23.1,228.0,5266.8,0.0538,10,dec_256x4_v0.9_t25_20260715_145842
20nm,hp,TT,0,0.9,25,256,8,1,0.2775,0.44685,0.03319,0.0002458,2.22,0.2196,0.2155,2.63921,208.43,23.1,228.0,5266.8,0.0541,10,dec_256x8_v0.9_t25_20260715_151332
20nm,hp,TT,0,0.9,25,256,16,1,0.2662,0.42935,0.03317,0.0002452,2.161,0.1607,0.2753,5.26959,423.146,23.1,228.0,5266.8,0.054,10,dec_256x16_v0.9_t25_20260715_152810
20nm,hp,TT,-0.1,0.8,25,256,32,1,0.2213,0.34825,0.02611,0.0002016,2.32,0.3196,0.2892,10.5287,852.578,23.1,228.0,5266.8,0.0551,10,dec_256x32_v0.8_t25_20260715_173607
20nm,hp,TT,-0.1,0.8,85,256,32,1,0.2535,0.3845,0.05421,0.003118,2.3,0.2996,0.29,10.5287,852.578,23.1,228.0,5266.8,0.0551,10,dec_256x32_v0.8_t85_20260715_182622
20nm,hp,TT,-0.05,0.85,25,256,32,1,0.25075,0.3954,0.02957,0.0002266,2.303,0.303,0.2807,10.5287,852.578,23.1,228.0,5266.8,0.0551,10,dec_256x32_v0.85_t25_20260715_174834
20nm,hp,TT,-0.05,0.85,85,256,32,1,0.2866,0.4361,0.06071,0.003452,2.287,0.2866,0.2836,10.5287,852.578,23.1,228.0,5266.8,0.0551,10,dec_256x32_v0.85_t85_20260715_183827
20nm,hp,TT,0,0.9,25,256,32,1,0.28225,0.4459,0.03326,0.0002543,2.29,0.2897,0.2735,10.5287,852.578,23.1,228.0,5266.8,0.0551,10,dec_256x32_v0.9_t25_20260715_154757
20nm,hp,TT,0,0.9,85,256,32,1,0.3224,0.49185,0.06818,0.003861,2.276,0.2757,0.2776,10.5287,852.578,23.1,228.0,5266.8,0.0551,10,dec_256x32_v0.9_t85_20260715_185043
20nm,hp,TT,0.05,0.95,25,256,32,1,0.31585,0.5,0.03739,0.0003037,2.278,0.2784,0.2676,10.5287,852.578,23.1,228.0,5266.8,0.0551,10,dec_256x32_v0.95_t25_20260715_180121
20nm,hp,TT,0.05,0.95,85,256,32,1,0.37285,0.56355,0.0887,0.00555,2.267,0.2667,0.2735,10.5287,852.578,23.1,228.0,5266.8,0.0551,10,dec_256x32_v0.95_t85_20260715_190319
20nm,hp,TT,0.1,1,25,256,32,1,0.3574,0.56335,0.04763,0.0009422,2.269,0.269,0.2628,10.5287,852.578,23.1,228.0,5266.8,0.0551,10,dec_256x32_v1_t25_20260715_181413
20nm,hp,TT,0.1,1,85,256,32,1,0.71075,0.9236,0.4022,0.03656,2.259,0.2587,0.2691,10.5287,852.578,23.1,228.0,5266.8,0.0551,10,dec_256x32_v1_t85_20260715_191559
20nm,hp,TT,0,0.9,25,512,4,1,0.5347,0.74185,0.03963,0.0004725,2.371,0.3715,0.2752,1.32392,101.072,42.768,452.8,19365.3504,0.0272,10,dec_512x4_v0.9_t25_20260715_160057
20nm,hp,TT,0,0.9,25,512,8,1,0.5343,0.74175,0.03951,0.0004659,2.266,0.2659,0.2363,2.63921,208.43,45.672,452.8,20680.2816,0.0252,10,dec_512x8_v0.9_t25_20260715_161745
20nm,hp,TT,0,0.9,25,512,16,1,0.55905,0.7678,0.03956,0.0004742,2.316,0.3157,0.1995,5.26959,423.146,48.972,452.8,22174.5216,0.0237,10,dec_512x16_v0.9_t25_20260715_164226
16nm,hp,TT,0,0.85,25,8,4,1,0.02097,0.030955,0.009738,1.535e-05,2.028,0.02795,0.01839,0.77852,106.9,1.512,9.792,14.8055,0.6555,10,dec_8x4_v0.85_t25_20260715_121027
16nm,hp,TT,0,0.85,25,8,8,1,0.021595,0.031575,0.009737,1.545e-05,2.033,0.03338,0.02738,1.54704,221.184,1.512,9.792,14.8055,0.6555,10,dec_8x8_v0.85_t25_20260715_121304
16nm,hp,TT,0,0.85,25,8,16,1,0.022675,0.032665,0.009738,1.535e-05,2.043,0.04326,0.04557,3.08391,449.753,1.512,9.792,14.8055,0.6555,10,dec_8x16_v0.85_t25_20260715_121558
16nm,hp,TT,0,0.85,25,8,32,1,0.0249,0.03489,0.009738,1.535e-05,2.062,0.06247,0.08285,6.15564,906.89,1.512,9.792,14.8055,0.6555,10,dec_8x32_v0.85_t25_20260715_121924
16nm,hp,TT,0,0.85,25,8,64,1,0.02921,0.039185,0.009738,1.535e-05,2.101,0.1012,0.1605,12.1094,1821.098,1.512,9.792,14.8055,0.6555,10,dec_8x64_v0.85_t25_20260715_122416
16nm,hp,TT,0,0.85,25,16,4,1,0.02836,0.0458,0.01305,2.392e-05,2.031,0.03104,0.01931,0.77852,106.9,1.62,14.976,24.2611,0.6513,10,dec_16x4_v0.85_t25_20260715_122659
16nm,hp,TT,-0.1,0.75,25,16,8,1,0.022205,0.035155,0.01009,1.893e-05,2.041,0.04087,0.03004,1.54711,221.184,1.62,14.976,24.2611,0.6513,10,dec_16x8_v0.75_t25_20260715_165424
16nm,hp,TT,-0.1,0.75,85,16,8,1,0.025405,0.039145,0.01279,0.0002861,2.038,0.03809,0.02975,1.54711,221.184,1.62,14.976,24.2611,0.6513,10,dec_16x8_v0.75_t85_20260715_165623
16nm,hp,TT,-0.05,0.8,25,16,8,1,0.02542,0.040495,0.01153,2.03e-05,2.038,0.03825,0.02878,1.54711,221.184,1.62,14.976,24.2611,0.6513,10,dec_16x8_v0.8_t25_20260715_165452
16nm,hp,TT,-0.05,0.8,85,16,8,1,0.029065,0.045135,0.01456,0.0003195,2.036,0.03602,0.02866,1.54711,221.184,1.62,14.976,24.2611,0.6513,10,dec_16x8_v0.8_t85_20260715_165651
16nm,hp,TT,0,0.85,25,16,8,1,0.0289,0.04634,0.01307,2.37e-05,2.036,0.03618,0.02783,1.54711,221.184,1.62,14.976,24.2611,0.6513,10,dec_16x8_v0.85_t25_20260715_122954
16nm,hp,TT,0,0.85,85,16,8,1,0.033,0.051685,0.01648,0.000355,2.034,0.03423,0.02789,1.54711,221.184,1.62,14.976,24.2611,0.6513,10,dec_16x8_v0.85_t85_20260715_165721
16nm,hp,TT,0.05,0.9,25,16,8,1,0.032625,0.05268,0.01473,2.772e-05,2.034,0.03443,0.02692,1.54711,221.184,1.62,14.976,24.2611,0.6513,10,dec_16x8_v0.9_t25_20260715_165523
16nm,hp,TT,0.05,0.9,85,16,8,1,0.03724,0.05881,0.01853,0.0003953,2.033,0.03276,0.02719,1.54711,221.184,1.62,14.976,24.2611,0.6513,10,dec_16x8_v0.9_t85_20260715_165749
16nm,hp,TT,0.1,0.95,25,16,8,1,0.03662,0.05955,0.01651,3.319e-05,2.033,0.03295,0.02623,1.54711,221.184,1.62,14.976,24.2611,0.6513,10,dec_16x8_v0.95_t25_20260715_165556
16nm,hp,TT,0.1,0.95,85,16,8,1,0.04198,0.06672,0.02094,0.0004588,2.032,0.03151,0.02666,1.54711,221.184,1.62,14.976,24.2611,0.6513,10,dec_16x8_v0.95_t85_20260715_165820
16nm,hp,TT,0,0.85,25,16,16,1,0.029845,0.04757,0.01311,2.284e-05,2.046,0.04607,0.04597,3.08417,449.753,1.62,14.976,24.2611,0.6513,10,dec_16x16_v0.85_t25_20260715_123325
16nm,hp,TT,0,0.85,25,16,32,1,0.03221,0.04976,0.01307,2.433e-05,2.065,0.06537,0.08339,6.15598,906.89,1.62,14.976,24.2611,0.6513,10,dec_16x32_v0.85_t25_20260715_123754
16nm,hp,TT,0,0.85,25,16,64,1,0.03639,0.05409,0.01311,2.284e-05,2.104,0.1042,0.1606,12.1098,1821.098,1.62,14.976,24.2611,0.6513,10,dec_16x64_v0.85_t25_20260715_124459
16nm,hp,TT,0,0.85,25,32,4,1,0.034095,0.05975,0.01645,3.537e-05,2.033,0.03269,0.02151,0.77852,106.9,2.808,25.344,71.166,0.3663,10,dec_32x4_v0.85_t25_20260715_124753
16nm,hp,TT,0,0.85,25,32,8,1,0.03468,0.060325,0.01645,3.537e-05,2.038,0.03795,0.03053,1.54706,221.184,2.808,25.344,71.166,0.3663,10,dec_32x8_v0.85_t25_20260715_125115
16nm,hp,TT,0,0.85,25,32,16,1,0.035795,0.061445,0.01645,3.537e-05,2.048,0.0478,0.04868,3.08408,449.753,2.808,25.344,71.166,0.3663,10,dec_32x16_v0.85_t25_20260715_125539
16nm,hp,TT,0,0.85,25,32,32,1,0.037845,0.063685,0.01645,3.684e-05,2.067,0.06664,0.08524,6.15601,906.89,2.808,25.344,71.166,0.3663,10,dec_32x32_v0.85_t25_20260715_130244
16nm,hp,TT,0,0.85,25,32,64,1,0.04215,0.067985,0.01645,3.684e-05,2.106,0.1056,0.1624,12.1098,1821.098,2.808,25.344,71.166,0.3663,10,dec_32x64_v0.85_t25_20260715_131538
16nm,hp,TT,0,0.85,25,64,4,1,0.061635,0.1015,0.02002,6.025e-05,2.036,0.03646,0.02647,0.77858,106.9,5.076,48.384,245.5972,0.1839,10,dec_64x4_v0.85_t25_20260715_131901
16nm,hp,TT,0,0.85,25,64,8,1,0.062195,0.1021,0.02002,6.025e-05,2.042,0.04152,0.03544,1.54725,221.184,5.076,48.384,245.5972,0.1839,10,dec_64x8_v0.85_t25_20260715_132347
16nm,hp,TT,-0.1,0.75,25,64,16,1,0.04874,0.078855,0.01547,4.568e-05,2.058,0.05751,0.05791,3.0841,449.753,5.076,48.384,245.5972,0.1839,10,dec_64x16_v0.75_t25_20260715_170158
16nm,hp,TT,-0.1,0.75,85,64,16,1,0.05658,0.087865,0.02196,0.000711,2.054,0.05354,0.05699,3.0841,449.753,5.076,48.384,245.5972,0.1839,10,dec_64x16_v0.75_t85_20260715_171742
16nm,hp,TT,-0.05,0.8,25,64,16,1,0.055755,0.090565,0.01767,5.243e-05,2.054,0.05403,0.05553,3.0841,449.753,5.076,48.384,245.5972,0.1839,10,dec_64x16_v0.8_t25_20260715_170554
16nm,hp,TT,-0.05,0.8,85,64,16,1,0.064585,0.10085,0.02495,0.0007932,2.051,0.05069,0.05512,3.0841,449.753,5.076,48.384,245.5972,0.1839,10,dec_64x16_v0.8_t85_20260715_172113
16nm,hp,TT,0,0.85,25,64,16,1,0.06331,0.1032,0.02002,6.025e-05,2.051,0.0512,0.05354,3.0841,449.753,5.076,48.384,245.5972,0.1839,10,dec_64x16_v0.85_t25_20260715_133058
16nm,hp,TT,0,0.85,85,64,16,1,0.07322,0.11495,0.02816,0.0008811,2.048,0.04836,0.05344,3.0841,449.753,5.076,48.384,245.5972,0.1839,10,dec_64x16_v0.85_t85_20260715_172450
16nm,hp,TT,0.05,0.9,25,64,16,1,0.07141,0.11685,0.02256,6.909e-05,2.049,0.04885,0.05198,3.0841,449.753,5.076,48.384,245.5972,0.1839,10,dec_64x16_v0.9_t25_20260715_170956
16nm,hp,TT,0.05,0.9,85,64,16,1,0.08249,0.13025,0.03163,0.0009779,2.046,0.04639,0.05235,3.0841,449.753,5.076,48.384,245.5972,0.1839,10,dec_64x16_v0.9_t85_20260715_172838
16nm,hp,TT,0.1,0.95,25,64,16,1,0.08008,0.1316,0.02528,7.951e-05,2.047,0.04687,0.05069,3.0841,449.753,5.076,48.384,245.5972,0.1839,10,dec_64x16_v0.95_t25_20260715_171402
16nm,hp,TT,0.1,0.95,85,64,16,1,0.092985,0.1472,0.03596,0.001143,2.045,0.04472,0.05134,3.0841,449.753,5.076,48.384,245.5972,0.1839,10,dec_64x16_v0.95_t85_20260715_173211
16nm,hp,TT,0,0.85,25,64,32,1,0.065335,0.105,0.02001,5.999e-05,2.07,0.06994,0.0902,6.15617,906.89,5.076,48.384,245.5972,0.1839,10,dec_64x32_v0.85_t25_20260715_134340
16nm,hp,TT,0,0.85,25,64,64,1,0.06964,0.10925,0.02001,5.999e-05,2.109,0.1089,0.1676,12.1099,1821.098,5.076,48.384,245.5972,0.1839,10,dec_64x64_v0.85_t25_20260715_135349
16nm,hp,TT,0,0.85,25,128,4,1,0.1128,0.16695,0.02384,0.0001016,2.099,0.09923,0.02484,0.77858,106.9,8.964,94.464,846.7753,0.0927,10,dec_128x4_v0.85_t25_20260715_135829
16nm,hp,TT,0,0.85,25,128,8,1,0.1125,0.166,0.02385,0.0001013,2.103,0.1033,0.0326,1.547,221.184,8.964,94.464,846.7753,0.0927,10,dec_128x8_v0.85_t25_20260715_140543
16nm,hp,TT,0,0.85,25,128,16,1,0.1136,0.1671,0.02385,0.0001013,2.113,0.1131,0.0508,3.0839,449.753,8.964,94.464,846.7753,0.0927,10,dec_128x16_v0.85_t25_20260715_141912
16nm,hp,TT,0,0.85,25,128,32,1,0.1151,0.169,0.02384,0.0001027,2.133,0.1335,0.09023,6.15637,906.89,8.964,94.464,846.7753,0.0927,10,dec_128x32_v0.85_t25_20260715_143025
16nm,hp,TT,0,0.85,25,128,64,1,0.12015,0.17365,0.02385,0.0001013,2.172,0.1717,0.1658,12.1102,1821.098,8.964,94.464,846.7753,0.0927,10,dec_128x64_v0.85_t25_20260715_145014
16nm,hp,TT,0,0.85,25,256,4,1,0.21805,0.35265,0.02851,0.0002075,2.185,0.1852,0.106,0.77855,106.9,19.224,186.624,3587.6598,0.0462,10,dec_256x4_v0.85_t25_20260715_145751
16nm,hp,TT,0,0.85,25,256,8,1,0.2135,0.35075,0.02847,0.0002073,2.132,0.1318,0.08597,1.54712,221.184,19.116,186.624,3567.5044,0.0465,10,dec_256x8_v0.85_t25_20260715_151231
16nm,hp,TT,0,0.85,25,256,16,1,0.2195,0.3562,0.02865,0.0002105,2.229,0.2292,0.1124,3.08429,449.753,19.224,186.624,3587.6598,0.0461,10,dec_256x16_v0.85_t25_20260715_152740
16nm,hp,TT,-0.1,0.75,25,256,32,1,0.17635,0.278,0.02209,0.0001581,2.201,0.2013,0.1893,6.1564,906.89,19.224,186.624,3587.6598,0.0463,10,dec_256x32_v0.75_t25_20260715_174203
16nm,hp,TT,-0.1,0.75,85,256,32,1,0.20425,0.30925,0.04451,0.002544,2.185,0.1849,0.1859,6.1564,906.89,19.224,186.624,3587.6598,0.0463,10,dec_256x32_v0.75_t85_20260715_183747
16nm,hp,TT,-0.05,0.8,25,256,32,1,0.2019,0.3188,0.02521,0.0001827,2.189,0.1886,0.1816,6.1564,906.89,19.224,186.624,3587.6598,0.0463,10,dec_256x32_v0.8_t25_20260715_175600
16nm,hp,TT,-0.05,0.8,85,256,32,1,0.23325,0.35425,0.05027,0.002836,2.175,0.175,0.1797,6.1564,906.89,19.224,186.624,3587.6598,0.0463,10,dec_256x32_v0.8_t85_20260715_185055
16nm,hp,TT,0,0.85,25,256,32,1,0.22935,0.36285,0.02854,0.00021,2.178,0.1784,0.1751,6.1564,906.89,19.224,186.624,3587.6598,0.0463,10,dec_256x32_v0.85_t25_20260715_154830
16nm,hp,TT,0,0.85,85,256,32,1,0.26435,0.4028,0.05647,0.00315,2.167,0.167,0.1749,6.1564,906.89,19.224,186.624,3587.6598,0.0463,10,dec_256x32_v0.85_t85_20260715_190451
16nm,hp,TT,0.05,0.9,25,256,32,1,0.25875,0.41015,0.03216,0.0002392,2.17,0.1701,0.1701,6.1564,906.89,19.224,186.624,3587.6598,0.0463,10,dec_256x32_v0.9_t25_20260715_181010
16nm,hp,TT,0.05,0.9,85,256,32,1,0.2979,0.45505,0.06325,0.003496,2.16,0.1604,0.171,6.1564,906.89,19.224,186.624,3587.6598,0.0463,10,dec_256x32_v0.9_t85_20260715_191846
16nm,hp,TT,0.1,0.95,25,256,32,1,0.2902,0.46095,0.03602,0.0002744,2.163,0.1632,0.1659,6.1564,906.89,19.224,186.624,3587.6598,0.0463,10,dec_256x32_v0.95_t25_20260715_182420
16nm,hp,TT,0.1,0.95,85,256,32,1,0.3358,0.5133,0.07274,0.004093,2.155,0.1548,0.1677,6.1564,906.89,19.224,186.624,3587.6598,0.0463,10,dec_256x32_v0.95_t85_20260715_193238
16nm,hp,TT,0,0.85,25,512,4,1,0.4424,0.6034,0.0341,0.0003693,2.385,0.3848,0.1597,0.77857,106.9,34.128,370.944,12659.5768,0.0231,10,dec_512x4_v0.85_t25_20260715_160245
16nm,hp,TT,0,0.85,25,512,8,1,0.44055,0.60265,0.03402,0.0003627,2.245,0.245,0.1468,1.54722,221.184,34.236,370.944,12699.6388,0.0228,10,dec_512x8_v0.85_t25_20260715_162052
16nm,hp,TT,0,0.85,25,512,16,1,0.4341,0.5995,0.03405,0.0003654,2.139,0.1386,0.2302,3.08424,449.753,34.128,370.944,12659.5768,0.023,10,dec_512x16_v0.85_t25_20260715_164632
10nm,hp,TT,0,0.8,25,8,4,1,0.018355,0.02388,0.007623,1.535e-05,2.018,0.0176,0.01065,0.63674,355.024,1.04,6.528,6.7891,0.6516,10,dec_8x4_v0.8_t25_20260715_121025
10nm,hp,TT,0,0.8,25,8,8,1,0.018775,0.024295,0.007623,1.535e-05,2.021,0.02078,0.01554,1.26731,727.635,1.04,6.528,6.7891,0.6516,10,dec_8x8_v0.8_t25_20260715_121300
10nm,hp,TT,0,0.8,25,8,16,1,0.019585,0.02512,0.007623,1.535e-05,2.027,0.02695,0.02597,2.52796,1472.856,1.04,6.528,6.7891,0.6516,10,dec_8x16_v0.8_t25_20260715_121551
10nm,hp,TT,0,0.8,25,8,32,1,0.021185,0.02671,0.007623,1.535e-05,2.04,0.03994,0.04975,5.00437,2963.298,1.04,6.528,6.7891,0.6516,10,dec_8x32_v0.8_t25_20260715_121912
10nm,hp,TT,0,0.8,25,8,64,1,0.02438,0.02991,0.007623,1.535e-05,2.072,0.07241,0.1168,9.99841,5944.182,1.04,6.528,6.7891,0.6516,10,dec_8x64_v0.8_t25_20260715_122339
10nm,hp,TT,0,0.8,25,16,4,1,0.02247,0.032195,0.01025,2.657e-05,2.019,0.019,0.0103,0.63677,355.024,1.12,10.368,11.6122,0.6481,10,dec_16x4_v0.8_t25_20260715_122619
10nm,hp,TT,-0.1,0.7,25,16,8,1,0.019615,0.02657,0.007738,1.818e-05,2.04,0.0401,0.04426,1.26737,727.635,1.12,10.368,11.6122,0.6217,10,dec_16x8_v0.7_t25_20260715_164723
10nm,hp,TT,-0.1,0.7,85,16,8,1,0.0221,0.02904,0.009778,0.0002238,2.038,0.03758,0.04492,1.26737,727.635,1.12,10.368,11.6122,0.6217,10,dec_16x8_v0.7_t85_20260715_164904
10nm,hp,TT,-0.05,0.75,25,16,8,1,0.02265,0.03072,0.008959,1.888e-05,2.037,0.03706,0.04226,1.26737,727.635,1.12,10.368,11.6122,0.6217,10,dec_16x8_v0.75_t25_20260715_164748
10nm,hp,TT,-0.05,0.75,85,16,8,1,0.0255,0.03359,0.01122,0.0002519,2.035,0.03514,0.04332,1.26737,727.635,1.12,10.368,11.6122,0.6217,10,dec_16x8_v0.75_t85_20260715_164927
10nm,hp,TT,0,0.8,25,16,8,1,0.025955,0.03524,0.01024,2.507e-05,2.035,0.03469,0.04062,1.26737,727.635,1.12,10.368,11.6122,0.6217,10,dec_16x8_v0.8_t25_20260715_122908
10nm,hp,TT,0,0.8,85,16,8,1,0.02921,0.03854,0.01282,0.000282,2.033,0.03317,0.04191,1.26737,727.635,1.12,10.368,11.6122,0.6217,10,dec_16x8_v0.8_t85_20260715_164952
10nm,hp,TT,0.05,0.85,25,16,8,1,0.029555,0.040155,0.01164,3.091e-05,2.033,0.03275,0.03931,1.26737,727.635,1.12,10.368,11.6122,0.6217,10,dec_16x8_v0.85_t25_20260715_164812
10nm,hp,TT,0.05,0.85,85,16,8,1,0.033235,0.04394,0.01453,0.0003151,2.032,0.03157,0.04109,1.26737,727.635,1.12,10.368,11.6122,0.6217,10,dec_16x8_v0.85_t85_20260715_165019
10nm,hp,TT,0.1,0.9,25,16,8,1,0.03344,0.04547,0.01314,3.729e-05,2.031,0.03117,0.03845,1.26737,727.635,1.12,10.368,11.6122,0.6217,10,dec_16x8_v0.9_t25_20260715_164838
10nm,hp,TT,0.1,0.9,85,16,8,1,0.03759,0.049775,0.01639,0.0003519,2.03,0.03025,0.04032,1.26737,727.635,1.12,10.368,11.6122,0.6217,10,dec_16x8_v0.9_t85_20260715_165046
10nm,hp,TT,0,0.8,25,16,16,1,0.023605,0.033755,0.01024,2.643e-05,2.029,0.02896,0.02561,2.52811,1472.856,1.12,10.368,11.6122,0.6481,10,dec_16x16_v0.8_t25_20260715_123233
10nm,hp,TT,0,0.8,25,16,32,1,0.02431,0.03382,0.01026,2.63e-05,2.043,0.04322,0.04968,5.0046,2963.298,1.12,10.368,11.6122,0.6508,10,dec_16x32_v0.8_t25_20260715_123653
10nm,hp,TT,0,0.8,25,16,64,1,0.027545,0.037335,0.01025,2.658e-05,2.074,0.07382,0.1167,9.9987,5944.182,1.12,10.368,11.6122,0.6508,10,dec_16x64_v0.8_t25_20260715_124327
10nm,hp,TT,0,0.8,25,32,4,1,0.03834,0.05268,0.01272,3.192e-05,2.06,0.06,0.03578,0.63679,355.024,1.44,19.2,27.648,0.3511,10,dec_32x4_v0.8_t25_20260715_124619
10nm,hp,TT,0,0.8,25,32,8,1,0.038565,0.053075,0.01273,3.206e-05,2.067,0.06713,0.04867,1.26741,727.635,1.44,19.2,27.648,0.3511,10,dec_32x8_v0.8_t25_20260715_124955
10nm,hp,TT,0,0.8,25,32,16,1,0.039655,0.053935,0.01272,3.153e-05,2.083,0.08282,0.07439,2.52825,1472.856,1.44,19.2,27.648,0.3511,10,dec_32x16_v0.8_t25_20260715_125420
10nm,hp,TT,0,0.8,25,32,32,1,0.04101,0.055605,0.01273,3.189e-05,2.109,0.1093,0.1254,5.00478,2963.298,1.44,19.2,27.648,0.3511,10,dec_32x32_v0.8_t25_20260715_130124
10nm,hp,TT,0,0.8,25,32,64,1,0.04436,0.058605,0.01275,3.262e-05,2.166,0.1659,0.2431,9.99905,5944.182,1.44,19.2,27.648,0.3511,10,dec_32x64_v0.8_t25_20260715_131311
10nm,hp,TT,0,0.8,25,64,4,1,0.062325,0.08671,0.01544,5.476e-05,2.031,0.03101,0.03453,0.63679,355.024,2.64,36.864,97.321,0.1774,10,dec_64x4_v0.8_t25_20260715_131635
10nm,hp,TT,0,0.8,25,64,8,1,0.063745,0.088255,0.01547,5.475e-05,2.038,0.03836,0.05157,1.26741,727.635,2.64,36.864,97.321,0.1787,10,dec_64x8_v0.8_t25_20260715_132111
10nm,hp,TT,-0.1,0.7,25,64,16,1,0.04864,0.066995,0.01168,3.546e-05,2.057,0.05708,0.07748,2.52825,1472.856,2.64,36.864,97.321,0.1834,10,dec_64x16_v0.7_t25_20260715_165416
10nm,hp,TT,-0.1,0.7,85,64,16,1,0.05334,0.071765,0.01515,0.0004043,2.054,0.05377,0.07814,2.52825,1472.856,2.64,36.864,97.321,0.1834,10,dec_64x16_v0.7_t85_20260715_170919
10nm,hp,TT,-0.05,0.75,25,64,16,1,0.056215,0.077425,0.01349,4.562e-05,2.053,0.05331,0.07396,2.52825,1472.856,2.64,36.864,97.321,0.1834,10,dec_64x16_v0.75_t25_20260715_165801
10nm,hp,TT,-0.05,0.75,85,64,16,1,0.06177,0.08312,0.01741,0.0004543,2.051,0.05093,0.07555,2.52825,1472.856,2.64,36.864,97.321,0.1834,10,dec_64x16_v0.75_t85_20260715_171300
10nm,hp,TT,0,0.8,25,64,16,1,0.06454,0.088845,0.01549,5.796e-05,2.05,0.05037,0.07126,2.52825,1472.856,2.64,36.864,97.321,0.1834,10,dec_64x16_v0.8_t25_20260715_132808
10nm,hp,TT,0,0.8,85,64,16,1,0.071055,0.095585,0.01991,0.0005101,2.049,0.04859,0.07351,2.52825,1472.856,2.64,36.864,97.321,0.1834,10,dec_64x16_v0.8_t85_20260715_171632
10nm,hp,TT,0.05,0.85,25,64,16,1,0.07367,0.1013,0.01765,7.225e-05,2.048,0.04798,0.0692,2.52825,1472.856,2.64,36.864,97.321,0.1834,10,dec_64x16_v0.85_t25_20260715_170151
10nm,hp,TT,0.05,0.85,85,64,16,1,0.08125,0.1092,0.02262,0.0005718,2.047,0.04675,0.07179,2.52825,1472.856,2.64,36.864,97.321,0.1834,10,dec_64x16_v0.85_t85_20260715_172003
10nm,hp,TT,0.1,0.9,25,64,16,1,0.083635,0.1149,0.01995,9.073e-05,2.046,0.04612,0.06755,2.52825,1472.856,2.64,36.864,97.321,0.1834,10,dec_64x16_v0.9_t25_20260715_170543
10nm,hp,TT,0.1,0.9,85,64,16,1,0.09243,0.1241,0.02557,0.0006416,2.045,0.04523,0.07055,2.52825,1472.856,2.64,36.864,97.321,0.1834,10,dec_64x16_v0.9_t85_20260715_172334
10nm,hp,TT,0,0.8,25,64,32,1,0.065565,0.08992,0.01543,5.782e-05,2.075,0.07541,0.1247,5.00488,2963.298,2.64,36.864,97.321,0.1834,10,dec_64x32_v0.8_t25_20260715_134120
10nm,hp,TT,0,0.8,25,64,64,1,0.06913,0.093605,0.01548,5.814e-05,2.133,0.1333,0.248,9.99925,5944.182,2.64,36.864,97.321,0.1834,10,dec_64x64_v0.8_t25_20260715_135124
10nm,hp,TT,0,0.8,25,128,4,1,0.1032,0.1373,0.0184,9.659e-05,2.122,0.1219,0.04542,0.63684,355.024,4.64,72.192,334.9709,0.089,10,dec_128x4_v0.8_t25_20260715_135600
10nm,hp,TT,0,0.8,25,128,8,1,0.098725,0.13325,0.01863,0.0001106,2.088,0.0876,0.01845,1.26745,727.635,4.8,72.192,346.5216,0.0968,10,dec_128x8_v0.8_t25_20260715_140305
10nm,hp,TT,0,0.8,25,128,16,1,0.10018,0.13525,0.01863,0.0001089,2.087,0.08671,0.03025,2.52837,1472.856,4.72,72.192,340.7462,0.0973,10,dec_128x16_v0.8_t25_20260715_141613
10nm,hp,TT,0,0.8,25,128,32,1,0.1039,0.13845,0.01865,0.0001137,2.104,0.1044,0.05279,5.00488,2963.298,4.8,72.192,346.5216,0.0995,10,dec_128x32_v0.8_t25_20260715_142733
10nm,hp,TT,0,0.8,25,128,64,1,0.10345,0.1387,0.01873,0.0001162,2.138,0.1376,0.1213,9.99929,5944.182,4.8,72.192,346.5216,0.1017,10,dec_128x64_v0.8_t25_20260715_144703
10nm,hp,TT,0,0.8,25,256,4,1,0.18275,0.2786,0.02261,0.0002249,2.106,0.106,0.05984,0.63681,355.024,10.24,142.848,1462.7635,0.0501,10,dec_256x4_v0.8_t25_20260715_145447
10nm,hp,TT,0,0.8,25,256,8,1,0.17785,0.27025,0.02266,0.0002248,2.094,0.09389,0.05055,1.26744,727.635,10.32,142.848,1474.1914,0.0503,10,dec_256x8_v0.8_t25_20260715_150942
10nm,hp,TT,0,0.8,25,256,16,1,0.179,0.27665,0.02266,0.0002314,2.095,0.09505,0.1638,2.52835,1472.856,10.32,142.848,1474.1914,0.0512,10,dec_256x16_v0.8_t25_20260715_152436
10nm,hp,TT,-0.1,0.7,25,256,32,1,0.1357,0.2061,0.01715,0.0001562,2.125,0.1255,0.2144,5.00497,2963.298,10.4,142.848,1485.6192,0.0512,10,dec_256x32_v0.7_t25_20260715_173338
10nm,hp,TT,-0.1,0.7,85,256,32,1,0.1589,0.23085,0.03466,0.001989,2.118,0.1181,0.2148,5.00497,2963.298,10.4,142.848,1485.6192,0.0512,10,dec_256x32_v0.7_t85_20260715_182535
10nm,hp,TT,-0.05,0.75,25,256,32,1,0.1577,0.23925,0.01982,0.0001903,2.117,0.1167,0.2042,5.00497,2963.298,10.4,142.848,1485.6192,0.0512,10,dec_256x32_v0.75_t25_20260715_174620
10nm,hp,TT,-0.05,0.75,85,256,32,1,0.18445,0.2679,0.03945,0.002233,2.111,0.1113,0.208,5.00497,2963.298,10.4,142.848,1485.6192,0.0512,10,dec_256x32_v0.75_t85_20260715_183807
10nm,hp,TT,0,0.8,25,256,32,1,0.18205,0.27565,0.02277,0.0002333,2.11,0.1098,0.1965,5.00497,2963.298,10.4,142.848,1485.6192,0.0512,10,dec_256x32_v0.8_t25_20260715_154548
10nm,hp,TT,0,0.8,85,256,32,1,0.21265,0.30865,0.04469,0.0025,2.106,0.1059,0.2019,5.00497,2963.298,10.4,142.848,1485.6192,0.0512,10,dec_256x32_v0.8_t85_20260715_185050
10nm,hp,TT,0.05,0.85,25,256,32,1,0.2089,0.3156,0.026,0.0002829,2.104,0.1044,0.1905,5.00497,2963.298,10.4,142.848,1485.6192,0.0512,10,dec_256x32_v0.85_t25_20260715_175928
10nm,hp,TT,0.05,0.85,85,256,32,1,0.24365,0.35325,0.05036,0.00279,2.102,0.1017,0.1971,5.00497,2963.298,10.4,142.848,1485.6192,0.0512,10,dec_256x32_v0.85_t85_20260715_190348
10nm,hp,TT,0.1,0.9,25,256,32,1,0.2383,0.35915,0.02957,0.0003475,2.1,0.09987,0.1861,5.00497,2963.298,10.4,142.848,1485.6192,0.0512,10,dec_256x32_v0.9_t25_20260715_181240
10nm,hp,TT,0.1,0.9,85,256,32,1,0.2776,0.40185,0.05654,0.003111,2.098,0.0981,0.1938,5.00497,2963.298,10.4,142.848,1485.6192,0.0512,10,dec_256x32_v0.9_t85_20260715_191708
10nm,hp,TT,0,0.8,25,512,4,1,0.33255,0.4396,0.02725,0.000397,2.193,0.1927,0.07425,0.63682,355.024,17.76,284.544,5053.5014,0.0248,10,dec_512x4_v0.8_t25_20260715_155831
10nm,hp,TT,0,0.8,25,512,8,1,0.3414,0.44975,0.02731,0.0004024,2.196,0.1961,0.09521,1.26748,727.635,17.84,284.544,5076.265,0.0251,10,dec_512x8_v0.8_t25_20260715_161507
10nm,hp,TT,0,0.8,25,512,16,1,0.33785,0.4434,0.02758,0.0004171,2.157,0.1572,0.08619,2.52823,1472.856,18.0,284.544,5121.792,0.0255,10,dec_512x16_v0.8_t25_20260715_164009
7nm,hp,TT,0,0.75,25,8,4,1,0.013275,0.01772,0.00626,1.418e-05,2.015,0.01509,0.00857,0.59355,319.48,0.832,5.796,4.8223,0.5017,10,dec_8x4_v0.75_t25_20260715_121026
7nm,hp,TT,0,0.75,25,8,8,1,0.013625,0.01795,0.006262,1.325e-05,2.018,0.01752,0.01263,1.18057,654.186,0.832,5.796,4.8223,0.5017,10,dec_8x8_v0.75_t25_20260715_121300
7nm,hp,TT,0,0.75,25,8,16,1,0.014295,0.01862,0.006262,1.325e-05,2.023,0.02262,0.02139,2.35455,1323.599,0.832,5.796,4.8223,0.5017,10,dec_8x16_v0.75_t25_20260715_121554
7nm,hp,TT,0,0.75,25,8,32,1,0.01561,0.02006,0.00626,1.418e-05,2.034,0.03365,0.04187,4.6775,2662.423,0.832,5.796,4.8223,0.5017,10,dec_8x32_v0.75_t25_20260715_121913
7nm,hp,TT,0,0.75,25,8,64,1,0.01823,0.022675,0.00626,1.418e-05,2.061,0.06052,0.09885,9.32426,5340.073,0.832,5.796,4.8223,0.5017,10,dec_8x64_v0.75_t25_20260715_122357
7nm,hp,TT,0,0.75,25,16,4,1,0.017685,0.025385,0.0084,2.236e-05,2.016,0.0156,0.008548,0.59352,319.48,0.832,8.568,7.1286,0.5566,10,dec_16x4_v0.75_t25_20260715_122638
7nm,hp,TT,-0.1,0.65,25,16,8,1,0.013325,0.019215,0.006229,1.511e-05,2.022,0.02209,0.01428,1.18051,654.186,0.832,8.568,7.1286,0.5566,10,dec_16x8_v0.65_t25_20260715_164602
7nm,hp,TT,-0.1,0.65,85,16,8,1,0.01527,0.02117,0.007912,0.0001896,2.021,0.02085,0.01396,1.18051,654.186,0.832,8.568,7.1286,0.5566,10,dec_16x8_v0.65_t85_20260715_164742
7nm,hp,TT,-0.05,0.7,25,16,8,1,0.01555,0.022435,0.007276,1.888e-05,2.02,0.01999,0.01337,1.18051,654.186,0.832,8.568,7.1286,0.5566,10,dec_16x8_v0.7_t25_20260715_164627
7nm,hp,TT,-0.05,0.7,85,16,8,1,0.01777,0.02472,0.009181,0.0002137,2.019,0.01909,0.01322,1.18051,654.186,0.832,8.568,7.1286,0.5566,10,dec_16x8_v0.7_t85_20260715_164807
7nm,hp,TT,0,0.75,25,16,8,1,0.017965,0.025975,0.008415,2.412e-05,2.018,0.01835,0.01272,1.18051,654.186,0.832,8.568,7.1286,0.5566,10,dec_16x8_v0.75_t25_20260715_122934
7nm,hp,TT,0,0.75,85,16,8,1,0.020525,0.02863,0.01057,0.0002413,2.018,0.01771,0.01268,1.18051,654.186,0.832,8.568,7.1286,0.5566,10,dec_16x8_v0.75_t85_20260715_164832
7nm,hp,TT,0.05,0.8,25,16,8,1,0.020625,0.029845,0.009659,2.865e-05,2.017,0.01704,0.0122,1.18051,654.186,0.832,8.568,7.1286,0.5566,10,dec_16x8_v0.8_t25_20260715_164651
7nm,hp,TT,0.05,0.8,85,16,8,1,0.02353,0.03291,0.01207,0.0002709,2.017,0.0166,0.01229,1.18051,654.186,0.832,8.568,7.1286,0.5566,10,dec_16x8_v0.8_t85_20260715_164858
7nm,hp,TT,0.1,0.85,25,16,8,1,0.02353,0.03408,0.011,3.84e-05,2.016,0.01598,0.01178,1.18051,654.186,0.832,8.568,7.1286,0.5566,10,dec_16x8_v0.85_t25_20260715_164717
7nm,hp,TT,0.1,0.85,85,16,8,1,0.02681,0.037585,0.01373,0.0003051,2.016,0.01568,0.01198,1.18051,654.186,0.832,8.568,7.1286,0.5566,10,dec_16x8_v0.85_t85_20260715_164925
7nm,hp,TT,0,0.75,25,16,16,1,0.01874,0.02634,0.008405,2.232e-05,2.024,0.02354,0.02151,2.35439,1323.599,0.832,8.568,7.1286,0.5566,10,dec_16x16_v0.75_t25_20260715_123306
7nm,hp,TT,0,0.75,25,16,32,1,0.020055,0.0277,0.008423,2.657e-05,2.035,0.03478,0.0423,4.67719,2662.423,0.832,8.568,7.1286,0.5566,10,dec_16x32_v0.75_t25_20260715_123734
7nm,hp,TT,0,0.75,25,16,64,1,0.022595,0.030525,0.008415,2.388e-05,2.061,0.06114,0.09884,9.3239,5340.073,0.832,8.568,7.1286,0.5566,10,dec_16x64_v0.75_t25_20260715_124423
7nm,hp,TT,0,0.75,25,32,4,1,0.02164,0.033975,0.01063,3.967e-05,2.017,0.01743,0.008754,0.59351,319.48,1.28,14.364,18.3859,0.3588,10,dec_32x4_v0.75_t25_20260715_124715
7nm,hp,TT,0,0.75,25,32,8,1,0.02199,0.034325,0.01063,3.967e-05,2.02,0.02012,0.01296,1.1805,654.186,1.28,14.364,18.3859,0.3588,10,dec_32x8_v0.75_t25_20260715_125044
7nm,hp,TT,0,0.75,25,32,16,1,0.02266,0.034985,0.01063,3.968e-05,2.025,0.02524,0.02177,2.3543,1323.599,1.28,14.364,18.3859,0.3588,10,dec_32x16_v0.75_t25_20260715_125504
7nm,hp,TT,0,0.75,25,32,32,1,0.02402,0.03634,0.01067,3.998e-05,2.036,0.03645,0.04202,4.67724,2662.423,1.28,14.364,18.3859,0.3588,10,dec_32x32_v0.75_t25_20260715_130221
7nm,hp,TT,0,0.75,25,32,64,1,0.02658,0.039015,0.01064,3.887e-05,2.063,0.06303,0.09895,9.32372,5340.073,1.28,14.364,18.3859,0.3588,10,dec_32x64_v0.75_t25_20260715_131505
7nm,hp,TT,0,0.75,25,64,4,1,0.037785,0.05793,0.01301,6.595e-05,2.021,0.0208,0.01007,0.59349,319.48,2.24,27.72,62.0928,0.1844,10,dec_64x4_v0.75_t25_20260715_131836
7nm,hp,TT,0,0.75,25,64,8,1,0.03812,0.058265,0.01301,6.595e-05,2.023,0.02343,0.01433,1.18048,654.186,2.24,27.72,62.0928,0.1844,10,dec_64x8_v0.75_t25_20260715_132316
7nm,hp,TT,-0.1,0.65,25,64,16,1,0.02897,0.043915,0.00963,3.981e-05,2.089,0.08896,0.02632,2.35427,1323.599,2.24,27.72,62.0928,0.1844,10,dec_64x16_v0.65_t25_20260715_165250
7nm,hp,TT,-0.1,0.65,85,64,16,1,0.03401,0.04898,0.01386,0.000488,2.082,0.0819,0.02568,2.35427,1323.599,2.24,27.72,62.0928,0.1844,10,dec_64x16_v0.65_t85_20260715_170731
7nm,hp,TT,-0.05,0.7,25,64,16,1,0.03385,0.05128,0.01125,5.137e-05,2.08,0.08011,0.02474,2.35427,1323.599,2.24,27.72,62.0928,0.1844,10,dec_64x16_v0.7_t25_20260715_165631
7nm,hp,TT,-0.05,0.7,85,64,16,1,0.03958,0.05711,0.01603,0.0005534,2.075,0.07526,0.02457,2.35427,1323.599,2.24,27.72,62.0928,0.1844,10,dec_64x16_v0.7_t85_20260715_171107
7nm,hp,TT,0,0.75,25,64,16,1,0.0392,0.059355,0.01302,6.571e-05,2.074,0.07354,0.02356,2.35427,1323.599,2.24,27.72,62.0928,0.1844,10,dec_64x16_v0.75_t25_20260715_133007
7nm,hp,TT,0,0.75,85,64,16,1,0.045685,0.06602,0.01842,0.0006255,2.07,0.07026,0.0237,2.35427,1323.599,2.24,27.72,62.0928,0.1844,10,dec_64x16_v0.75_t85_20260715_171452
7nm,hp,TT,0.05,0.8,25,64,16,1,0.045035,0.068145,0.01499,8.391e-05,2.069,0.06854,0.02269,2.35427,1323.599,2.24,27.72,62.0928,0.1844,10,dec_64x16_v0.8_t25_20260715_170016
7nm,hp,TT,0.05,0.8,85,64,16,1,0.052345,0.075745,0.02101,0.000704,2.066,0.06638,0.02306,2.35427,1323.599,2.24,27.72,62.0928,0.1844,10,dec_64x16_v0.8_t85_20260715_171829
7nm,hp,TT,0.1,0.85,25,64,16,1,0.051385,0.07771,0.01717,0.0001065,2.065,0.06467,0.02203,2.35427,1323.599,2.24,27.72,62.0928,0.1844,10,dec_64x16_v0.85_t25_20260715_170409
7nm,hp,TT,0.1,0.85,85,64,16,1,0.05959,0.08631,0.02385,0.0007928,2.063,0.0633,0.02261,2.35427,1323.599,2.24,27.72,62.0928,0.1844,10,dec_64x16_v0.85_t85_20260715_172158
7nm,hp,TT,0,0.75,25,64,32,1,0.0401,0.060245,0.01301,6.595e-05,2.039,0.03939,0.04372,4.677,2662.423,2.24,27.72,62.0928,0.1844,10,dec_64x32_v0.75_t25_20260715_134226
7nm,hp,TT,0,0.75,25,64,64,1,0.04271,0.06285,0.01301,6.595e-05,2.066,0.06639,0.1013,9.32352,5340.073,2.24,27.72,62.0928,0.1844,10,dec_64x64_v0.75_t25_20260715_135245
7nm,hp,TT,0,0.75,25,128,4,1,0.06661,0.09437,0.01569,0.0001192,2.07,0.06972,0.01066,0.59346,319.48,4.032,54.18,218.4538,0.0912,10,dec_128x4_v0.75_t25_20260715_135728
7nm,hp,TT,0,0.75,25,128,8,1,0.0674,0.095295,0.0157,0.0001188,2.073,0.07318,0.01543,1.18038,654.186,4.032,54.18,218.4538,0.0912,10,dec_128x8_v0.75_t25_20260715_140425
7nm,hp,TT,0,0.75,25,128,16,1,0.068035,0.09581,0.01572,0.0001147,2.077,0.07749,0.02474,2.35411,1323.599,4.032,54.18,218.4538,0.0912,10,dec_128x16_v0.75_t25_20260715_141728
7nm,hp,TT,0,0.75,25,128,32,1,0.069355,0.097255,0.0157,0.0001188,2.089,0.08938,0.04496,4.67691,2662.423,4.032,54.18,218.4538,0.0912,10,dec_128x32_v0.75_t25_20260715_142840
7nm,hp,TT,0,0.75,25,128,64,1,0.07201,0.099835,0.0157,0.0001187,2.117,0.1166,0.1024,9.32328,5340.073,4.032,54.18,218.4538,0.0912,10,dec_128x64_v0.75_t25_20260715_144714
7nm,hp,TT,0,0.75,25,256,4,1,0.1277,0.2038,0.01915,0.0002246,2.037,0.03665,0.04574,0.59348,319.48,8.576,107.1,918.4896,0.0457,10,dec_256x4_v0.75_t25_20260715_145459
7nm,hp,TT,0,0.75,25,256,8,1,0.124,0.2015,0.01915,0.000226,2.092,0.09185,0.04444,1.18045,654.186,8.576,107.1,918.4896,0.0458,10,dec_256x8_v0.75_t25_20260715_150824
7nm,hp,TT,0,0.75,25,256,16,1,0.1247,0.20215,0.01915,0.000226,2.097,0.097,0.05332,2.35424,1323.599,8.576,107.1,918.4896,0.0458,10,dec_256x16_v0.75_t25_20260715_152302
7nm,hp,TT,-0.1,0.65,25,256,32,1,0.09399,0.15055,0.01409,0.000139,2.116,0.1156,0.08361,4.67682,2662.423,8.576,107.1,918.4896,0.0458,10,dec_256x32_v0.65_t25_20260715_173122
7nm,hp,TT,-0.1,0.65,85,256,32,1,0.11155,0.1693,0.02911,0.001735,2.106,0.1062,0.08091,4.67682,2662.423,8.576,107.1,918.4896,0.0458,10,dec_256x32_v0.65_t85_20260715_181943
7nm,hp,TT,-0.05,0.7,25,256,32,1,0.1099,0.176,0.01644,0.0001742,2.105,0.1049,0.07903,4.67682,2662.423,8.576,107.1,918.4896,0.0458,10,dec_256x32_v0.7_t25_20260715_174310
7nm,hp,TT,-0.05,0.7,85,256,32,1,0.1297,0.19725,0.03337,0.001961,2.098,0.09812,0.07791,4.67682,2662.423,8.576,107.1,918.4896,0.0458,10,dec_256x32_v0.7_t85_20260715_183146
7nm,hp,TT,0,0.75,25,256,32,1,0.12725,0.2038,0.01916,0.0002246,2.097,0.09676,0.07472,4.67682,2662.423,8.576,107.1,918.4896,0.0458,10,dec_256x32_v0.75_t25_20260715_154336
7nm,hp,TT,0,0.75,85,256,32,1,0.1495,0.22785,0.03805,0.002211,2.092,0.09184,0.07473,4.67682,2662.423,8.576,107.1,918.4896,0.0458,10,dec_256x32_v0.75_t85_20260715_184347
7nm,hp,TT,0.05,0.8,25,256,32,1,0.14615,0.23395,0.02214,0.0002859,2.09,0.0905,0.07208,4.67682,2662.423,8.576,107.1,918.4896,0.0458,10,dec_256x32_v0.8_t25_20260715_175500
7nm,hp,TT,0.05,0.8,85,256,32,1,0.17095,0.26105,0.04319,0.002488,2.087,0.08696,0.07274,4.67682,2662.423,8.576,107.1,918.4896,0.0458,10,dec_256x32_v0.8_t85_20260715_185552
7nm,hp,TT,0.1,0.85,25,256,32,1,0.16655,0.2667,0.02546,0.0003607,2.086,0.08568,0.07021,4.67682,2662.423,8.576,107.1,918.4896,0.0458,10,dec_256x32_v0.85_t25_20260715_180735
7nm,hp,TT,0.1,0.85,85,256,32,1,0.19425,0.297,0.04886,0.002795,2.083,0.08308,0.07131,4.67682,2662.423,8.576,107.1,918.4896,0.0458,10,dec_256x32_v0.85_t85_20260715_190755
7nm,hp,TT,0,0.75,25,512,4,1,0.2544,0.34375,0.02346,0.000414,2.152,0.152,0.04975,0.59349,319.48,14.912,213.192,3179.1191,0.0229,10,dec_512x4_v0.75_t25_20260715_155600
7nm,hp,TT,0,0.75,25,512,8,1,0.2598,0.34835,0.02347,0.0004121,2.129,0.1287,0.07479,1.18043,654.186,14.912,213.192,3179.1191,0.0229,10,dec_512x8_v0.75_t25_20260715_161203
7nm,hp,TT,0,0.75,25,512,16,1,0.2557,0.3416,0.02341,0.0004132,2.129,0.129,0.07596,2.35414,1323.599,14.912,213.192,3179.1191,0.0229,10,dec_512x16_v0.75_t25_20260715_163727
5nm,hp,TT,0,0.7,25,8,4,1,0.01278,0.01819,0.005933,1.08e-05,2.021,0.02065,0.008524,0.40128,360.319,0.75,4.032,3.024,0.425,10,dec_8x4_v0.7_t25_20260715_121028
5nm,hp,TT,0,0.7,25,8,8,1,0.01299,0.018395,0.005933,1.08e-05,2.023,0.02281,0.01096,0.7975,738.668,0.75,4.032,3.024,0.425,10,dec_8x8_v0.7_t25_20260715_121306
5nm,hp,TT,0,0.7,25,8,16,1,0.01339,0.0188,0.005933,1.08e-05,2.027,0.02678,0.01611,1.58955,1495.367,0.75,4.032,3.024,0.425,10,dec_8x16_v0.7_t25_20260715_121600
5nm,hp,TT,0,0.7,25,8,32,1,0.014165,0.019575,0.005933,1.08e-05,2.035,0.03463,0.02834,3.15538,3008.763,0.75,4.032,3.024,0.425,10,dec_8x32_v0.7_t25_20260715_121933
5nm,hp,TT,0,0.7,25,8,64,1,0.0157,0.021115,0.005939,1.08e-05,2.053,0.05298,0.06521,6.26842,6035.556,0.75,4.032,3.024,0.425,10,dec_8x64_v0.7_t25_20260715_122432
5nm,hp,TT,0,0.7,25,16,4,1,0.02111,0.030695,0.007955,1.634e-05,2.021,0.02116,0.008701,0.40125,360.319,0.8,6.384,5.1072,0.4145,10,dec_16x4_v0.7_t25_20260715_122712
5nm,hp,TT,-0.1,0.6,25,16,8,1,0.01475,0.022,0.005803,1.181e-05,2.029,0.02881,0.01268,0.79743,738.668,0.85,6.384,5.4264,0.3901,10,dec_16x8_v0.6_t25_20260715_171603
5nm,hp,TT,-0.1,0.6,85,16,8,1,0.01652,0.023695,0.00726,0.0001671,2.027,0.02697,0.01198,0.79743,738.668,0.85,6.384,5.4264,0.3901,10,dec_16x8_v0.6_t85_20260715_171755
5nm,hp,TT,-0.05,0.65,25,16,8,1,0.01735,0.02592,0.006829,1.43e-05,2.026,0.02554,0.01169,0.79743,738.668,0.85,6.384,5.4264,0.3901,10,dec_16x8_v0.65_t25_20260715_171635
5nm,hp,TT,-0.05,0.65,85,16,8,1,0.01946,0.027965,0.008528,0.0001906,2.024,0.0243,0.01118,0.79743,738.668,0.85,6.384,5.4264,0.3901,10,dec_16x8_v0.65_t85_20260715_171821
5nm,hp,TT,0,0.7,25,16,8,1,0.020225,0.03024,0.00796,1.695e-05,2.023,0.02311,0.01104,0.79743,738.668,0.85,6.384,5.4264,0.3901,10,dec_16x8_v0.7_t25_20260715_123003
5nm,hp,TT,0,0.7,85,16,8,1,0.022705,0.032695,0.009919,0.000217,2.022,0.02228,0.01051,0.79743,738.668,0.85,6.384,5.4264,0.3901,10,dec_16x8_v0.7_t85_20260715_171848
5nm,hp,TT,0.05,0.75,25,16,8,1,0.023385,0.034995,0.009227,1.905e-05,2.021,0.02123,0.01036,0.79743,738.668,0.85,6.384,5.4264,0.3901,10,dec_16x8_v0.75_t25_20260715_171702
5nm,hp,TT,0.05,0.75,85,16,8,1,0.02628,0.037925,0.01147,0.0002511,2.021,0.02071,0.01004,0.79743,738.668,0.85,6.384,5.4264,0.3901,10,dec_16x8_v0.75_t85_20260715_171916
5nm,hp,TT,0.1,0.8,25,16,8,1,0.026845,0.040205,0.01053,2.792e-05,2.02,0.01976,0.009811,0.79743,738.668,0.85,6.384,5.4264,0.3901,10,dec_16x8_v0.8_t25_20260715_171729
5nm,hp,TT,0.1,0.8,85,16,8,1,0.0302,0.043645,0.01312,0.0002838,2.019,0.01945,0.009695,0.79743,738.668,0.85,6.384,5.4264,0.3901,10,dec_16x8_v0.8_t85_20260715_171944
5nm,hp,TT,0,0.7,25,16,16,1,0.01749,0.027485,0.00798,1.889e-05,2.027,0.02717,0.01645,1.58941,1495.367,0.85,6.384,5.4264,0.4211,10,dec_16x16_v0.7_t25_20260715_123337
5nm,hp,TT,0,0.7,25,16,32,1,0.018265,0.02827,0.00798,1.889e-05,2.035,0.03506,0.0288,3.15515,3008.763,0.85,6.384,5.4264,0.4211,10,dec_16x32_v0.7_t25_20260715_123817
5nm,hp,TT,0,0.7,25,16,64,1,0.019805,0.029795,0.00798,1.889e-05,2.054,0.0536,0.0658,6.2681,6035.556,0.85,6.384,5.4264,0.4211,10,dec_16x64_v0.7_t25_20260715_124541
5nm,hp,TT,0,0.7,25,32,4,1,0.020505,0.042505,0.01011,3.801e-05,2.017,0.01671,0.008697,0.40124,360.319,1.45,10.752,15.5904,0.3098,10,dec_32x4_v0.7_t25_20260715_124850
5nm,hp,TT,0,0.7,25,32,8,1,0.02067,0.04372,0.0101,3.735e-05,2.018,0.01839,0.0104,0.79739,738.668,1.45,10.752,15.5904,0.3087,10,dec_32x8_v0.7_t25_20260715_125213
5nm,hp,TT,0,0.7,25,32,16,1,0.02107,0.044175,0.0101,3.812e-05,2.023,0.02268,0.01568,1.58933,1495.367,1.45,10.752,15.5904,0.3087,10,dec_32x16_v0.7_t25_20260715_125648
5nm,hp,TT,0,0.7,25,32,32,1,0.021825,0.044505,0.01011,3.745e-05,2.029,0.02929,0.02841,3.15503,3008.763,1.45,10.752,15.5904,0.3087,10,dec_32x32_v0.7_t25_20260715_130418
5nm,hp,TT,0,0.7,25,32,64,1,0.023365,0.045325,0.01011,3.832e-05,2.049,0.04889,0.06703,6.26793,6035.556,1.45,10.752,15.5904,0.3098,10,dec_32x64_v0.7_t25_20260715_131127
5nm,hp,TT,0,0.7,25,64,4,1,0.038065,0.072445,0.01245,6.657e-05,2.077,0.07659,0.01192,0.40122,360.319,2.75,20.664,56.826,0.1497,10,dec_64x4_v0.7_t25_20260715_131509
5nm,hp,TT,0,0.7,25,64,8,1,0.038215,0.07276,0.01245,6.675e-05,2.077,0.07679,0.01239,0.79736,738.668,2.75,20.664,56.826,0.1499,10,dec_64x8_v0.7_t25_20260715_132018
5nm,hp,TT,-0.1,0.6,25,64,16,1,0.027965,0.053025,0.009088,4.29e-05,2.102,0.102,0.02067,1.58925,1495.367,2.75,20.664,56.826,0.15,10,dec_64x16_v0.6_t25_20260715_172318
5nm,hp,TT,-0.1,0.6,85,64,16,1,0.03459,0.05999,0.01477,0.0006619,2.09,0.08994,0.01945,1.58925,1495.367,2.75,20.664,56.826,0.15,10,dec_64x16_v0.6_t85_20260715_174012
5nm,hp,TT,-0.05,0.65,25,64,16,1,0.032995,0.062595,0.01068,5.155e-05,2.089,0.08889,0.01902,1.58925,1495.367,2.75,20.664,56.826,0.15,10,dec_64x16_v0.65_t25_20260715_172717
5nm,hp,TT,-0.05,0.65,85,64,16,1,0.040675,0.07083,0.01724,0.0007594,2.081,0.08055,0.01831,1.58925,1495.367,2.75,20.664,56.826,0.15,10,dec_64x16_v0.65_t85_20260715_174411
5nm,hp,TT,0,0.7,25,64,16,1,0.03852,0.07315,0.01245,6.711e-05,2.08,0.07967,0.01796,1.58925,1495.367,2.75,20.664,56.826,0.15,10,dec_64x16_v0.7_t25_20260715_132802
5nm,hp,TT,0,0.7,85,64,16,1,0.04737,0.08281,0.01998,0.0008677,2.074,0.07378,0.01752,1.58925,1495.367,2.75,20.664,56.826,0.15,10,dec_64x16_v0.7_t85_20260715_174819
5nm,hp,TT,0.05,0.75,25,64,16,1,0.04457,0.08475,0.01437,8.302e-05,2.073,0.07286,0.01711,1.58925,1495.367,2.75,20.664,56.826,0.15,10,dec_64x16_v0.75_t25_20260715_173143
5nm,hp,TT,0.05,0.75,85,64,16,1,0.05472,0.09602,0.02299,0.0009867,2.069,0.06867,0.01689,1.58925,1495.367,2.75,20.664,56.826,0.15,10,dec_64x16_v0.75_t85_20260715_175225
5nm,hp,TT,0.1,0.8,25,64,16,1,0.051205,0.0975,0.01652,0.0001042,2.068,0.06776,0.01639,1.58925,1495.367,2.75,20.664,56.826,0.15,10,dec_64x16_v0.8_t25_20260715_173601
5nm,hp,TT,0.1,0.8,85,64,16,1,0.06278,0.11055,0.02626,0.001118,2.065,0.06478,0.01647,1.58925,1495.367,2.75,20.664,56.826,0.15,10,dec_64x16_v0.8_t85_20260715_175650
5nm,hp,TT,0,0.7,25,64,32,1,0.03931,0.0737,0.01243,6.639e-05,2.088,0.08802,0.03195,3.15484,3008.763,2.75,20.664,56.826,0.1497,10,dec_64x32_v0.7_t25_20260715_133524
5nm,hp,TT,0,0.7,25,64,64,1,0.040905,0.075385,0.01243,6.624e-05,2.108,0.1077,0.0706,6.26766,6035.556,2.75,20.664,56.826,0.1494,10,dec_64x64_v0.7_t25_20260715_134710
5nm,hp,TT,0,0.7,25,128,4,1,0.0679,0.12695,0.01516,0.0001249,2.084,0.08402,0.01572,0.40104,360.319,5.35,40.32,215.712,0.0742,10,dec_128x4_v0.7_t25_20260715_135205
5nm,hp,TT,0,0.7,25,128,8,1,0.06479,0.1245,0.01514,0.000125,2.067,0.06743,0.01789,0.79733,738.668,5.35,40.32,215.712,0.0741,10,dec_128x8_v0.7_t25_20260715_140003
5nm,hp,TT,0,0.7,25,128,16,1,0.06612,0.12585,0.01503,0.0001219,2.03,0.03024,0.02182,1.58921,1495.367,5.35,40.32,215.712,0.0742,10,dec_128x16_v0.7_t25_20260715_140805
5nm,hp,TT,0,0.7,25,128,32,1,0.065305,0.1233,0.01512,0.0001227,2.082,0.08219,0.03413,3.15477,3008.763,5.35,40.32,215.712,0.0739,10,dec_128x32_v0.7_t25_20260715_142126
5nm,hp,TT,0,0.7,25,128,64,1,0.067145,0.1269,0.01514,0.0001249,2.102,0.1018,0.07621,6.26751,6035.556,5.35,40.32,215.712,0.0739,10,dec_128x64_v0.7_t25_20260715_144302
5nm,hp,TT,0,0.7,25,256,4,1,0.1223,0.2315,0.01863,0.000238,2.089,0.08867,0.02805,0.4012,360.319,10.4,79.8,829.92,0.0368,10,dec_256x4_v0.7_t25_20260715_145234
5nm,hp,TT,0,0.7,25,256,8,1,0.1231,0.2328,0.01838,0.0002318,2.146,0.1457,0.03872,0.79731,738.668,10.35,79.8,825.93,0.037,10,dec_256x8_v0.7_t25_20260715_150540
5nm,hp,TT,0,0.7,25,256,16,1,0.12185,0.23115,0.01848,0.0002326,2.097,0.09663,0.03682,1.58912,1495.367,10.4,79.8,829.92,0.0368,10,dec_256x16_v0.7_t25_20260715_152413
5nm,hp,TT,-0.1,0.6,25,256,32,1,0.087925,0.16745,0.01356,0.0001536,2.105,0.1047,0.06184,3.15477,3008.763,10.35,79.8,825.93,0.037,10,dec_256x32_v0.6_t25_20260715_180841
5nm,hp,TT,-0.1,0.6,85,256,32,1,0.1107,0.1918,0.03337,0.002273,2.093,0.09302,0.05689,3.15477,3008.763,10.35,79.8,825.93,0.037,10,dec_256x32_v0.6_t85_20260715_191126
5nm,hp,TT,-0.05,0.65,25,256,32,1,0.10385,0.1978,0.01597,0.0001908,2.093,0.09263,0.05661,3.15477,3008.763,10.35,79.8,825.93,0.037,10,dec_256x32_v0.65_t25_20260715_182412
5nm,hp,TT,-0.05,0.65,85,256,32,1,0.12995,0.226,0.03871,0.002612,2.084,0.08417,0.0536,3.15477,3008.763,10.35,79.8,825.93,0.037,10,dec_256x32_v0.65_t85_20260715_192551
5nm,hp,TT,0,0.7,25,256,32,1,0.12125,0.23105,0.01864,0.0002377,2.084,0.08393,0.05304,3.15477,3008.763,10.35,79.8,825.93,0.037,10,dec_256x32_v0.7_t25_20260715_154855
5nm,hp,TT,0,0.7,85,256,32,1,0.15115,0.26355,0.04464,0.002984,2.078,0.07768,0.05117,3.15477,3008.763,10.35,79.8,825.93,0.037,10,dec_256x32_v0.7_t85_20260715_194042
5nm,hp,TT,0.05,0.75,25,256,32,1,0.1402,0.2673,0.02161,0.0002962,2.077,0.07738,0.05047,3.15477,3008.763,10.35,79.8,825.93,0.037,10,dec_256x32_v0.75_t25_20260715_184014
5nm,hp,TT,0.05,0.75,85,256,32,1,0.1743,0.3046,0.05117,0.003401,2.073,0.07264,0.04945,3.15477,3008.763,10.35,79.8,825.93,0.037,10,dec_256x32_v0.75_t85_20260715_195640
5nm,hp,TT,0.1,0.8,25,256,32,1,0.16085,0.30675,0.02495,0.0003682,2.072,0.07233,0.04858,3.15477,3008.763,10.35,79.8,825.93,0.037,10,dec_256x32_v0.8_t25_20260715_185632
5nm,hp,TT,0.1,0.8,85,256,32,1,0.19935,0.34925,0.05839,0.00386,2.069,0.06876,0.04813,3.15477,3008.763,10.35,79.8,825.93,0.037,10,dec_256x32_v0.8_t85_20260715_201303
5nm,hp,TT,0,0.7,25,512,4,1,0.23345,0.4475,0.02357,0.000459,2.148,0.1483,0.06111,0.4012,360.319,20.35,158.76,3230.766,0.0185,10,dec_512x4_v0.7_t25_20260715_160108
5nm,hp,TT,0,0.7,25,512,8,1,0.23655,0.4517,0.0289,0.0004592,2.049,0.04929,0.05334,0.7973,738.668,20.35,158.76,3230.766,0.0186,10,dec_512x8_v0.7_t25_20260715_162605
5nm,hp,TT,0,0.7,25,512,16,1,0.2321,0.4465,0.02354,0.0004554,2.104,0.1043,0.06886,1.58912,1495.367,20.35,158.76,3230.766,0.0185,10,dec_512x16_v0.7_t25_20260715_170237
